customer_id,annual_income,loan_amount,loan_purpose,credit_score,transaction_count,spending_ratio,default_flag
CUST100000,343579.3328761503,245388.3774157788,Car,768.9545417544166,51,33.94141888679641,0
CUST100001,443721.10072199965,84827.36517404705,Home,561.496365122939,55,40.04600085567268,0
CUST100002,324866.22400722053,199833.7796973686,Education,640.179057060969,48,31.324229915330136,0
CUST100003,269247.79276952747,206636.86704368267,Car,632.7241403092659,37,7.168918924662007,0
CUST100004,171027.96535598708,96097.65853716563,Business,636.322307585529,45,41.07523548148397,0
CUST100005,367018.04138997925,226496.3391759984,Education,796.4190684186451,45,27.487756037838125,0
CUST100006,104927.56851646773,48968.729166007004,Other,562.4224901666305,42,6.986029858992405,0
CUST100007,240001.6734404467,125512.68056995362,Car,625.4746364096801,48,23.468445078270435,0
CUST100008,207591.92540757084,26468.27911251546,Other,770.2657999057401,55,22.13557817638302,0
CUST100009,313756.94012212753,191758.96011263315,Other,624.1640937328682,45,8.997649555041145,0
CUST100010,318698.92279869213,52635.603490563764,Other,575.1376227306803,42,56.06691341921098,1
CUST100011,644334.9668092511,288669.5880455232,Home,671.0411745415798,48,22.194381554227206,0
CUST100012,936670.0515125549,312964.01747728966,Other,714.4512433365612,48,36.31879393210495,0
CUST100013,185226.1325752394,99344.62111044863,Business,618.5727223881362,48,56.75028428746567,0
CUST100014,1197443.6791810172,247551.20605550823,Business,694.3494712646036,45,10.116643239629058,0
CUST100015,226935.8461151307,148260.52912092302,Education,539.8707924740349,47,26.290750296057443,0
CUST100016,401722.1942996885,295671.2427167472,Other,544.3178333265124,32,24.382643321630727,0
CUST100017,492139.64843819453,113528.52601774887,Other,614.7930975797898,41,29.42039692684615,0
CUST100018,1570256.6755126158,288064.32495736046,Car,697.2013935993382,51,18.23227026442316,0
CUST100019,261615.35605080752,56616.80347733685,Home,710.9198384788069,42,30.704911581508842,0
CUST100020,123248.4101232442,98808.50299573867,Education,555.4387162033549,48,46.36947732184882,1
CUST100021,885783.3574310901,462867.3418531842,Other,707.9536563786064,50,29.10255204079671,0
CUST100022,219690.68631252533,104091.37975122246,Car,663.3205632347824,48,29.916389489996103,0
CUST100023,291573.3409707845,54048.79139047318,Home,579.6636244438946,43,45.3292859558994,0
CUST100024,185229.37624412397,114776.4207981852,Education,543.2649318381601,52,23.94392029181646,0
CUST100025,292078.45777526894,232027.03149775145,Education,668.385852392346,45,17.733024548936026,1
CUST100026,218767.5606547644,166820.91798598628,Other,,38,44.5622199701836,1
CUST100027,,326584.74727711256,Education,652.8417944622365,65,21.92421987206556,0
CUST100028,380208.46669078496,60918.13101514481,Car,575.2063320475011,46,20.847975583242203,1
CUST100029,240714.509799629,45715.92721965054,Education,500.55821703364586,43,16.912026055206358,1
CUST100030,658370.5422960055,91807.92189645016,Business,772.3592677510887,51,13.312919156727574,0
CUST100031,422100.21891554,129155.64880969241,Car,733.3480488255809,46,7.607760422833536,0
CUST100032,119655.37915381965,24951.63734709273,Home,,36,15.74582795504726,0
CUST100033,6680787.866320148,1111203.2373169912,Home,768.2395173812369,49,36.90334687219531,0
CUST100034,404707.85103260604,165139.59970551217,Other,667.9135279802875,53,20.745099877136912,0
CUST100035,834376.0613124715,712879.4151382416,Other,607.5170439505854,44,19.227741461155105,0
CUST100036,390174.92992256006,229540.24207364002,Business,694.4105796040168,35,4.2946020127630815,0
CUST100037,,172988.69713606258,Home,583.6219458985767,45,8.769097451312538,0
CUST100038,320431.1783088468,214138.13254025285,Home,570.3481745717455,43,8.60557857374678,0
CUST100039,586748.5242171525,111483.68906676394,Home,711.7285687685815,36,42.55140627897846,0
CUST100040,,157103.63950844784,Home,718.4607014051265,44,37.00602095917106,0
CUST100041,278123.8863432338,89021.64468864391,Education,548.1009375610073,38,21.795836084063165,0
CUST100042,317104.5635692822,193841.66827289615,Car,551.0561854046515,48,16.780739518332066,1
CUST100043,181748.1168025353,67750.16896896462,Car,614.3960245093591,44,59.75983477508628,0
CUST100044,230085.4280442133,206648.42259729188,Business,593.0956133456269,50,17.672722746777918,0
CUST100045,401727.8366595618,124873.55623129012,Education,688.1191010532295,40,33.75983695019882,0
CUST100046,745258.6725630825,240945.39055322067,Home,653.8439870212471,43,1.6504197875870465,1
CUST100047,438137.5542378399,370023.72810308245,Home,743.1925006109284,33,50.84515871245375,0
CUST100048,352386.2818052691,42186.10827420553,Other,675.3806180187187,46,7.60263885595698,0
CUST100049,219968.03858659376,144596.25199253642,Other,598.4338536262658,39,9.167298911922817,0
CUST100050,698783.5013800919,475355.24210745044,Business,498.7096910490843,50,31.402641893096344,1
CUST100051,469819.23812187696,361339.3206285182,Home,664.3564787421742,39,40.30517502383859,0
CUST100052,237034.77561087915,208484.28023597653,Business,513.1737511810978,40,66.30760232474225,1
CUST100053,621063.7888533543,546835.1983445629,Education,,49,18.06520504892474,1
CUST100054,506736.4053933681,77136.12812730823,Car,592.261857752266,45,41.687113621713365,1
CUST100055,222321.93996475232,168402.52405547,Home,609.3258308093255,41,14.052172543504613,1
CUST100056,340841.57069645094,210315.59142524577,Education,544.7172592058514,51,35.869226284331695,1
CUST100057,269503.42098007456,166519.0779044804,Home,591.977871351204,46,57.22843988084857,0
CUST100058,1758765.6118040106,356466.5109463959,Other,741.672366276144,45,38.820994385414956,0
CUST100059,498344.522904353,309048.2228991491,Business,741.4518790059947,37,45.99222981610668,1
CUST100060,,358973.2584976298,Other,772.5999820372776,57,18.426568066826714,0
CUST100061,480988.1120193693,398957.92501552147,Car,650.8117220595019,38,20.246712423123014,0
CUST100062,828603.9311305548,373952.70657134143,Other,,52,20.014249236924826,1
CUST100063,344542.21896070417,45465.232583249526,Home,742.8489134154927,40,26.919055871844456,0
CUST100064,254245.1965941311,99113.62333131388,Other,532.3471234450305,46,60.943036192455956,0
CUST100065,601132.0682367112,457528.98057024874,Home,714.4502805362961,33,8.18742243394147,0
CUST100066,326124.0992310091,215633.0199844525,Car,754.1875778716524,44,12.41298033945982,0
CUST100067,190624.88108966534,89112.35189047865,Other,578.8831739169901,49,45.57530206817646,0
CUST100068,169598.32751589635,24435.93531678653,Business,,45,34.42888578518296,0
CUST100069,,400326.7700974295,Business,,52,52.19021693834098,0
CUST100070,391988.0917614358,186280.56206297208,Business,712.2277336408663,40,9.054555170020448,0
CUST100071,254297.35992052747,214333.11243571457,Other,697.5603494928099,41,21.165960205517834,0
CUST100072,314707.543550827,192874.46064541268,Other,560.4179160696593,43,7.225869891424614,0
CUST100073,587990.9471771473,205398.36964114473,Other,735.5363143232739,31,23.040755398391912,0
CUST100074,303748.91162253055,158026.7720281277,Home,567.9527477890309,53,34.21714934502579,0
CUST100075,151804.40507978646,23202.42987302279,Car,679.5792642112291,52,27.51148607631998,0
CUST100076,440428.991366748,386720.6967867158,Business,687.6876085864819,42,15.424372837541778,1
CUST100077,747888.1326894731,290216.4354380077,Home,386.29975904139764,46,34.78021227537056,1
CUST100078,718469.5407593586,346513.4652985999,Business,682.46427068286,57,17.22478254514143,0
CUST100079,258953.0466334537,99496.79870229943,Home,859.7179829182791,43,42.963092951169344,0
CUST100080,775686.4000783486,501100.69356389943,Other,482.65148621836227,48,70.93682251579861,1
CUST100081,411584.64812530874,259210.1367032103,Business,645.6886404789492,57,47.64653321681943,1
CUST100082,762752.1385620302,512766.1115499877,Other,494.23076986123044,38,58.27560426135143,1
CUST100083,511044.6371942929,160730.99131393334,Business,578.4686848955859,34,33.08406528895279,0
CUST100084,145370.63948404067,51248.20712582496,Education,495.6178516143757,37,35.96152772036413,0
CUST100085,1033067.7819022492,206821.18738149336,Home,662.7633861597774,43,23.286342995719636,0
CUST100086,373648.31908729475,233308.99120893737,Education,713.4883842607676,57,25.93694008782994,0
CUST100087,511998.1518505782,67500.65970091082,Home,682.7790906215273,41,24.202074512227085,0
CUST100088,161712.15663471518,93493.21523144912,Car,575.5854024433943,40,45.37557937696202,0
CUST100089,490507.5253378064,390324.65355381963,Business,601.2484194723258,46,23.325055044568064,0
CUST100090,702047.7071806204,570530.104469681,Car,671.7818148868512,43,11.930966134188461,0
CUST100091,1156827.846330111,531250.2928327546,Car,578.0860807888864,56,21.562082266941232,0
CUST100092,839229.8263802471,392292.0662499168,Home,543.6963913187486,46,26.924132562845603,0
CUST100093,505111.6749716154,81613.5938574627,Education,630.8698351918431,51,74.63644680017481,1
CUST100094,143397.18664052887,91288.37270036816,Other,574.4233432582074,49,20.59014045743732,0
CUST100095,392135.8733085977,296849.8113475146,Home,682.9246333802914,47,19.38583247167374,0
CUST100096,253848.84257272628,75069.20621005147,Other,753.8957920253533,50,61.70636035976619,0
CUST100097,417060.5628508605,182272.4425439459,Car,857.806672216461,45,15.339127778835715,0
CUST100098,174591.5457121924,134622.55969925033,Other,677.045352971172,47,16.264051884379413,0
CUST100099,319304.30311439605,255985.10205086364,Education,701.6777730255629,46,46.758924450488145,0
CUST100100,,78226.45862023983,Home,602.0546125364698,39,17.022429859857542,1
CUST100101,260693.37478391646,140893.43089880008,Education,607.0098580622764,37,45.41611609552499,1
CUST100102,,66610.38021104783,Education,,34,30.168513876393522,0
CUST100103,333863.38794756716,60597.21027919149,Home,627.8937759882577,54,23.059281200833038,1
CUST100104,430075.84482449415,356488.31998089975,Education,655.8357902884626,44,56.42716053810493,0
CUST100105,80894.72098049638,61189.25259185758,Business,747.8380536102668,45,18.161886813093467,0
CUST100106,87041.49919922915,61627.81175727265,Business,628.5098262490728,55,42.96807806284382,0
CUST100107,295606.7184703968,41093.19302802657,Business,770.0336350150519,55,5.176666685987855,0
CUST100108,321688.3739558428,249303.03210493556,Other,,48,23.234691329376115,0
CUST100109,405739.54987515224,182759.3999341772,Education,686.4318536782572,49,16.10506981463144,0
CUST100110,234074.93709918152,87524.38726875403,Home,598.1448682346124,53,37.81267584028364,0
CUST100111,364280.37693231483,195684.5295163706,Home,690.7300796040084,34,17.123781474514715,0
CUST100112,390785.4327560223,67638.1564687148,Other,,45,16.133014018347275,0
CUST100113,233109.86426804712,164416.40596154385,Home,687.5527084956564,34,15.407788022313115,0
CUST100114,665353.324145323,376555.4240197039,Business,641.8539947391657,40,10.167318672959452,0
CUST100115,402798.528593015,100406.4260357335,Education,727.3447656787296,46,5.82033305780322,0
CUST100116,6920870.045890605,126023.36368082819,Home,647.4583061762596,40,13.12620332542288,0
CUST100117,,93391.37352658245,Home,813.0286040189358,59,37.06334794380468,0
CUST100118,1279786.5470044832,186339.3656893291,Car,627.9562417283419,41,24.176952404205615,0
CUST100119,518055.8020840605,295415.4979308182,Car,,51,62.34886612676419,1
CUST100120,270277.37089369784,208729.4139485156,Car,677.6891029441003,51,17.314445518461458,0
CUST100121,592780.8989028278,67576.17550359337,Education,736.2296844661979,46,35.93725702070129,0
CUST100122,135596.25681875928,18875.502821745475,Business,735.6078787861819,36,11.706672071167493,0
CUST100123,389165.56833993894,217238.53303807336,Business,663.3425155521998,44,68.45245683703529,1
CUST100124,438667.13685437565,331455.37446368864,Business,677.1271328643828,40,21.631240606251552,0
CUST100125,391841.40477290866,141608.0011767749,Education,677.2430445897938,35,10.02179013624269,1
CUST100126,296479.29911543214,112570.67544688452,Education,563.77017490975,40,22.080875458175388,0
CUST100127,197330.6418631072,113875.01388539442,Car,731.9258753412878,39,28.720969086612207,0
CUST100128,225571.34930270034,72040.79204701052,Home,549.3714854303466,41,41.53724279615903,1
CUST100129,385094.85122640483,46706.88094349128,Other,563.9201059372167,46,39.689453601372115,1
CUST100130,185700.13244173443,127795.63979329866,Other,654.4021667617172,44,3.471241478012904,0
CUST100131,1047692.3791074812,629160.1545331638,Home,624.4112212683567,50,74.93747030643534,1
CUST100132,74269.92660125569,41933.15699860775,Car,713.692591950036,32,12.082833828947066,0
CUST100133,4394181.240303631,206842.52483722693,Home,685.7882138136144,44,32.137354239689245,0
CUST100134,387020.82559251756,247764.79953428125,Home,661.0561109656554,43,57.327630350092065,0
CUST100135,491124.31234651466,130003.35112954048,Other,559.957280322236,44,11.819309873817415,1
CUST100136,209074.34045154363,79863.22797423495,Car,652.1248083890722,35,47.93020845080531,1
CUST100137,715385.5279805919,143712.44902883552,Education,645.7990824702866,49,37.745485848990164,0
CUST100138,156952.95248361523,32000.448573674217,Other,,50,27.06385474523331,0
CUST100139,257898.87941817206,165301.98814396598,Education,615.596959565789,39,26.078001214260322,0
CUST100140,525680.3109902276,413647.3681028647,Car,691.8254030394835,29,12.540227811293256,1
CUST100141,676111.4030614333,588342.7227439943,Home,622.2751169834506,65,11.001279916096781,0
CUST100142,155998.1180179405,94016.58604156281,Business,684.3290772103289,43,47.1208342970542,0
CUST100143,1770941.8368595028,437920.37229484506,Business,713.68380592686,45,8.026501107888794,1
CUST100144,211399.51582720244,39007.49708262475,Car,607.2323601078101,43,10.635797874116866,0
CUST100145,164833.39466890565,123671.32746554799,Business,,52,38.693911961291725,1
CUST100146,489739.51909834787,275725.8866359151,Education,688.1092925175471,42,6.064765879302004,0
CUST100147,293908.545397256,174766.255473369,Business,544.3120255428456,48,29.092051961066957,0
CUST100148,268973.62688990735,195051.5165204442,Car,738.933180391365,55,22.290168766505296,0
CUST100149,517821.7937504684,343119.99982966663,Car,650.877009369358,43,18.812692563688703,0
CUST100150,144874.42124020154,111200.76726932958,Education,640.8193278481308,58,40.61785936611379,0
CUST100151,130446.61740364872,18910.992794996593,Business,693.6812734680981,44,3.925522941286455,0
CUST100152,253101.52730640103,176669.0446135151,Business,688.7163616337677,48,15.30289898255325,0
CUST100153,691584.7924923083,539907.9413405186,Home,650.5214459983126,51,57.21445063054238,0
CUST100154,259773.87601614,85441.71483636528,Other,720.2893128481531,36,50.32741183721614,1
CUST100155,945523.4899501166,578998.7023031228,Car,596.2089355719799,34,10.130198166408901,0
CUST100156,,261601.7366916366,Home,706.98851946349,37,15.557999802129133,0
CUST100157,429238.3811945424,371882.19796596456,Car,563.710122266474,52,15.128494611148147,0
CUST100158,444113.0009267602,56286.374537495634,Home,690.8519192852107,50,19.45940201408063,0
CUST100159,428995.44280008826,241882.33449796162,Other,623.7701362826434,39,17.603381833643887,1
CUST100160,,92965.52280699131,Home,545.1131150104648,38,24.143220326869194,0
CUST100161,290760.4413491612,194744.41309099676,Car,670.5314253715499,33,46.464325916354184,0
CUST100162,311728.31434356706,75036.81668196614,Business,647.2458805479416,55,21.500819453967047,0
CUST100163,190617.46659179652,54956.27550812226,Car,526.5819592414297,45,43.09981438712268,1
CUST100164,96179.77028340823,47656.753861303405,Education,480.90675659522157,47,15.648107949933966,1
CUST100165,702529.2845892486,584411.6028097632,Education,637.8188933266005,32,45.12145619622177,0
CUST100166,398058.8199122643,107225.7004997762,Education,779.4580768561461,43,31.560439015553293,0
CUST100167,363569.8850182536,78310.05081617687,Education,675.6812006564728,39,8.449791773357745,0
CUST100168,460040.3461840079,325332.0061958167,Other,596.5357410628444,46,8.11410976090667,0
CUST100169,220347.58869090164,110283.00431016901,Business,736.5495612550285,42,7.409267925674714,0
CUST100170,198662.49760895106,164776.25592763178,Business,722.5778894299647,40,30.145493306989863,0
CUST100171,305525.7016349682,66388.1825204256,Car,751.7263262391509,41,18.69679160827868,0
CUST100172,823121.4915018678,507653.85371641314,Home,704.7118211474166,48,14.439196442417987,0
CUST100173,179648.12991834944,51433.85547435939,Car,720.8721858488966,43,19.833461769243225,1
CUST100174,74888.88689361495,16880.579897911266,Car,708.4886824810051,39,31.34892011942035,0
CUST100175,264913.6876435257,171331.21405504906,Car,611.7996042066858,56,27.82359765415473,0
CUST100176,719002.3820782152,2975348.809741514,Car,519.0175408477123,50,26.476000909693138,1
CUST100177,128088.09974286855,90156.34179458304,Business,608.3091683365559,42,44.398277110987465,1
CUST100178,178408.26699389552,62009.372269973,Home,738.3949581601083,47,57.97696318539914,0
CUST100179,424271.15416287654,194476.2767647095,Car,619.5191331124342,46,45.83543606443137,0
CUST100180,1692884.1353326144,3760601.2483611824,Business,638.3632759114115,51,20.894573545170243,0
CUST100181,160343.3927160257,142268.1339823914,Car,556.7372053482844,45,16.064341207399497,1
CUST100182,156661.0048514807,52293.31266881961,Education,605.9128342272621,52,3.8352736549444146,0
CUST100183,443839.8247697424,149065.28760251694,Car,649.272866657326,44,37.331098025968274,1
CUST100184,746241.5825767772,286287.05142249505,Car,689.4049742287002,36,8.012598877189273,0
CUST100185,249082.8304660998,137412.8365123704,Other,613.3071226259467,52,62.82231117259841,1
CUST100186,136921.5627703369,259901.4691208534,Education,607.717005950584,31,21.475397300058006,0
CUST100187,469887.94601708767,391055.7626776445,Home,717.3740452119094,43,47.407580973304384,0
CUST100188,523820.7572046513,163719.36673373848,Car,676.021322115058,41,19.23948096249772,0
CUST100189,,859968.9553170193,Home,685.8937972153719,35,57.16028492785667,0
CUST100190,537222.8442513791,98193.61882618647,Education,772.2656468854697,49,5.14715838656743,0
CUST100191,,372218.451295929,Car,609.5940489271715,41,19.947710937190468,0
CUST100192,309499.85842621187,255519.49748362982,Other,646.0784663614692,43,64.48069023855093,0
CUST100193,1567359.0156916408,368328.6645022571,Business,694.0927819538517,48,19.670185371515295,1
CUST100194,285248.15327539865,249495.59703561437,Other,580.279411067359,46,51.94704418009706,1
CUST100195,250909.28216661964,115997.039310312,Other,668.3239790601696,44,6.089262238016654,0
CUST100196,1072720.9806356323,918862.8488865945,Business,651.7757197807281,46,22.40230995504295,0
CUST100197,149560.70346783847,95936.6158239382,Business,872.1839529255299,47,44.869476349053066,0
CUST100198,119557.77057176192,366807.9325692908,Business,657.9895601332058,48,24.944357401059328,1
CUST100199,389155.44906104106,97538.70782085966,Car,742.5551812451465,42,20.26193449050536,0
CUST100200,361840.2467325775,124106.87592719439,Home,716.3954571077475,46,40.90741793718416,0
CUST100201,315927.23942420405,55102.11060381905,Home,557.475071748721,52,16.807364763359505,1
CUST100202,657603.7690773479,141446.87044122815,Business,526.094092963144,46,17.34150352604607,0
CUST100203,210044.83578034476,38591.191582254636,Other,669.7611684293036,40,20.183875997383982,0
CUST100204,,165012.03743115143,Education,750.5867729717563,39,6.801910871399763,0
CUST100205,291832.8332414946,214923.99661128488,Business,673.0331855650539,48,16.333105413027052,0
CUST100206,212196.68859686574,45220.56648109684,Other,656.3081443213739,46,22.29338646252875,1
CUST100207,349023.99402998685,71290.36587462002,Other,627.27306776406,50,28.052130198707374,0
CUST100208,604137.7307573642,371389.5374477323,Car,544.0831002722877,40,30.48761513003203,1
CUST100209,1292825.734098591,333221.16014155076,Car,573.1583425928791,44,17.053765929561433,0
CUST100210,512805.2332280252,91324.47400910482,Home,520.2149048928242,40,16.309471593943204,0
CUST100211,80297.92019464386,18747.867073337402,Home,561.7562720709399,32,40.240098252487805,0
CUST100212,354022.5705626649,297019.6676784544,Education,607.919341005652,48,24.593415697518044,0
CUST100213,373204.451028578,282581.827445335,Education,900.0,44,13.077495818089307,0
CUST100214,635219.1940222525,243448.80414706082,Education,614.3946191363522,53,14.018688732087615,0
CUST100215,404693.86909635493,252794.70192040587,Education,670.4500628439774,41,55.69882881799132,0
CUST100216,768236.8402886881,407027.6567510367,Other,660.8183368941345,41,26.4298840651378,0
CUST100217,458173.113781293,294009.41715146607,Other,689.9239068386379,42,5.36267174611242,0
CUST100218,922902.470094456,596321.3613055332,Home,567.2148054786193,48,15.161606609638312,1
CUST100219,278382.8066940991,167861.27249057055,Car,734.7354972098839,41,31.3335511998394,0
CUST100220,394986.1896568601,123583.71146250793,Car,537.4258412037126,52,24.115200792399,1
CUST100221,594802.6335814486,78041.16079519312,Business,614.1749438090715,41,22.10401296982933,0
CUST100222,256962.01665142406,119346.8888808048,Other,648.3275673778737,37,64.0288755869414,0
CUST100223,225481.2574053177,183266.45520882015,Education,710.8115878519798,50,53.29199632702705,1
CUST100224,248298.94936837957,137954.35170350585,Education,760.3447468440603,36,48.2071475245926,0
CUST100225,231068.76512919477,176978.53260145063,Business,711.4425216102712,48,27.005806771377532,0
CUST100226,495606.30594948644,442724.85259862937,Car,763.2733085964687,51,22.559623946383418,0
CUST100227,120465.07817320866,27814.53887485776,Education,583.6659256394156,52,5.886373095536715,0
CUST100228,142403.23340660147,93049.4214304229,Car,745.2296384056967,42,1.1621066061526442,0
CUST100229,1107535.5673941823,708196.8493299044,Business,731.492538393064,44,16.569860917992965,0
CUST100230,,207233.90934665728,Car,458.29799543794695,47,36.81477465970865,1
CUST100231,408402.6731625249,362857.84685006866,Car,632.3628604884578,56,22.05417554366083,1
CUST100232,148228.7769226465,96251.30229611152,Car,698.1629938705426,45,14.71712492024719,0
CUST100233,383262.1737231574,113020.88515328421,Education,608.7668907643649,51,53.78740837704999,1
CUST100234,235295.15867599953,173846.57398326803,Home,563.1339862163011,35,24.718727008172554,0
CUST100235,141796.22930788016,26320.685056557806,Other,819.13401743535,53,40.71172969279934,0
CUST100236,807866.6304370522,585347.3960402532,Car,658.8832120776725,50,8.569508161056715,0
CUST100237,736407.8853364364,609861.2709518969,Car,661.0724347323248,63,7.644384669710735,1
CUST100238,339621.52865727484,137976.92306757547,Car,545.2804708099948,48,18.949449660211872,0
CUST100239,659773.2006757931,398838.3336916673,Home,601.0111203363009,36,36.051572949978656,1
CUST100240,1134809.7941827122,503985.12764226244,Business,,65,20.796982899091216,1
CUST100241,,256378.19603839508,Education,736.3180184111443,34,30.901322815502336,0
CUST100242,483017.3453588658,168233.35288282664,Home,690.3706896740841,40,49.93504490629262,0
CUST100243,408141.74933542305,289659.70814229234,Car,604.3549045754777,39,26.789689901443136,1
CUST100244,534826.8982849799,454036.61627670715,Home,694.8400190932972,32,62.41790559056395,0
CUST100245,291165.86421770335,248248.21597580943,Home,629.7183883407138,36,11.616883848186681,0
CUST100246,306820.59618386166,73583.25804007302,Home,,49,14.025955252579594,1
CUST100247,474745.82053444814,379699.29542424827,Business,668.3811109748565,43,30.06278449379155,1
CUST100248,272578.2691014467,188064.05561829655,Other,683.621376838368,43,46.77010627258008,0
CUST100249,290837.5655513918,87911.44783282361,Education,673.9721538717397,50,54.483939060833194,1
CUST100250,,55725.3144913381,Business,683.6839720931927,41,16.95021286413007,0
CUST100251,722421.8524038276,227127.850825803,Business,750.4646648388459,44,49.30118201861229,0
CUST100252,183579.25266407093,152327.93037229695,Other,701.245020245882,42,12.96672300262863,0
CUST100253,571207.0895588533,346461.6274022417,Business,623.0478589819232,44,61.127511598690454,1
CUST100254,582496.1457617534,394258.8632614221,Home,642.163780321186,36,7.513625844775744,0
CUST100255,580408.361062289,177443.5358266646,Home,748.4136470397654,40,52.79153860303505,1
CUST100256,223228.71929184202,150793.34924333423,Car,658.9937963958572,43,23.00710891092169,0
CUST100257,131188.56972434968,16070.23312211108,Business,620.078526611432,48,40.681830699606074,0
CUST100258,,202839.85127208813,Car,599.5089326295971,41,5.960642567088218,0
CUST100259,405356.9316385203,243782.744571282,Education,671.8430486532998,35,23.29672531061557,0
CUST100260,661738.6582107717,143516.06202148943,Home,581.6114557963539,48,35.62154375217292,0
CUST100261,237917.17864247892,180437.06862031994,Education,752.7836339067445,49,40.049537806828454,0
CUST100262,571529.2978622393,164614.74833472475,Other,566.9745316994336,47,14.223032787683504,1
CUST100263,681906.1158677639,424026.19566351984,Home,,40,11.037009515930436,0
CUST100264,342084.8782842655,145097.93998763766,Education,627.181574730204,40,9.318051012218161,0
CUST100265,465169.76406760357,268326.143352635,Other,563.8610117097876,49,9.242755484957128,0
CUST100266,455513.1544980587,84707.42759424877,Education,665.1340590852301,47,4.732393276227454,0
CUST100267,221265.4260240305,25120.316906333956,Other,573.7568673428568,49,35.499729695737365,0
CUST100268,498150.7202744912,412295.2117358908,Other,652.7497408824208,44,27.928252352199674,0
CUST100269,958858.7024076653,302715.5345101012,Home,603.7965174720534,52,21.58417920050538,0
CUST100270,367075.328493525,277414.0968927325,Car,725.6058614295273,54,10.442238054512371,0
CUST100271,150760.08886218164,135605.72096912764,Other,660.9399687950106,42,48.514850704396835,1
CUST100272,239824.834944205,64547.65673572811,Other,554.9199334340371,35,24.990862756767037,1
CUST100273,124535.03123490371,38871.94035217178,Home,602.2370767659196,48,34.28874686919746,0
CUST100274,785563.5815321227,495131.1652155405,Car,706.3957799674504,49,26.005654045576026,0
CUST100275,572898.1194016543,499772.77765343816,Business,752.967368303238,50,31.022902494819515,0
CUST100276,268116.9210690093,223247.95075308002,Business,646.3780154025853,52,14.667598486572949,0
CUST100277,154687.78076943572,77699.7366387205,Car,566.4482750504877,40,22.305852195168487,1
CUST100278,219701.04724248865,161719.35411976284,Education,734.3229048680711,44,39.21618724405164,0
CUST100279,,51517.72387205163,Home,706.04509399147,42,22.727060832244085,0
CUST100280,386792.8507839442,341132.1664650759,Car,754.523166744204,44,29.005321750906614,0
CUST100281,379062.2072874902,330346.11312755756,Business,673.2167294737045,37,28.113105715697795,0
CUST100282,810056.4254114712,187109.39802590437,Other,608.3522467362486,41,7.9979692586507625,0
CUST100283,,81160.10994155782,Business,691.3510788316464,49,13.650102122603124,0
CUST100284,146544.920848002,26396.257030529,Other,676.1063378753265,48,30.66270376286033,0
CUST100285,180920.48691478462,57419.472928258314,Home,604.0101046523172,43,2.94096483877585,0
CUST100286,357247.8534841088,268923.5487936222,Other,665.8910867077925,37,38.8104622727728,0
CUST100287,233933.73251035172,94193.99889190646,Car,634.3979288942363,46,44.804872951259185,1
CUST100288,304003.6152818601,51898.7596022391,Other,709.4830275986944,51,62.65985388141642,1
CUST100289,,103103.96066722283,Education,689.3605528252348,35,47.01748167185035,0
CUST100290,656148.9317221872,580761.794270118,Car,565.8726885375048,40,2.4534001567076538,1
CUST100291,254694.6327066701,153771.08888343358,Home,557.8061936511208,46,23.430737725238025,1
CUST100292,288830.3451835739,125042.96236028806,Car,642.8151061141157,48,27.91655795569225,0
CUST100293,557027.644476705,129916.0091580995,Education,652.6255428303452,46,33.29369853800568,0
CUST100294,258076.3765878415,229414.78527316678,Home,710.8781419273462,50,10.867630285474046,0
CUST100295,466926.6344702766,353313.6756898225,Business,691.0643128449511,36,34.38618762318461,0
CUST100296,441923.0969906271,143705.3666844049,Education,766.6948514570194,35,6.738439557942118,0
CUST100297,394375.7899729725,61544.29677923319,Home,612.6245228579656,41,24.59223835291552,1
CUST100298,183388.50697036122,26646.43183610404,Other,,54,4.604472454394056,0
CUST100299,757564.9344312293,148711.90539281289,Car,573.2148795483965,45,23.018752042352535,0
CUST100300,1372864.8941110505,775139.9294485752,Home,709.9525691820064,47,15.41161047001901,0
CUST100301,364141.1633936481,306974.9105115511,Car,651.7401747212768,57,16.319606786401227,0
CUST100302,193336.42323519307,96164.52043253186,Other,501.7117186430683,43,31.77196295201088,0
CUST100303,368597.8992724451,285426.1371548861,Home,666.1732302166314,43,61.920428805106596,1
CUST100304,656000.0107750456,299601.30302349065,Business,671.2776134253656,43,26.799136310058646,0
CUST100305,250418.14873885323,166995.55868027834,Education,638.4522445801725,45,5.74340027451272,0
CUST100306,335259.6179190862,229819.861206363,Home,673.7323882366734,49,23.03541732136323,0
CUST100307,,106278.23924847342,Other,552.3811440619423,42,19.481315627922633,0
CUST100308,745513.64138566,289984.5637017938,Home,781.2825467280022,46,15.151182180604952,0
CUST100309,576801.9466460369,351757.8942588833,Car,680.4207540860739,38,16.700827681697707,0
CUST100310,591324.8350685727,92576.21164647954,Home,508.1040893537102,36,15.46641988485388,1
CUST100311,280474.7174442928,109169.77735048674,Business,649.5282320535913,42,47.00140325678404,0
CUST100312,,243333.5689374708,Home,682.5376159721692,42,27.27966133290346,0
CUST100313,234878.11610944645,210680.8773296751,Education,560.9654340061561,46,8.633183144416854,1
CUST100314,601580.51347692,288534.16675924405,Home,692.6904223210751,42,50.886751922458814,1
CUST100315,722687.2135267683,544071.7484555898,Car,784.4740498406932,35,22.53769522786923,0
CUST100316,504850.7607242573,224988.67411238296,Home,598.4504751560377,44,68.04612537801971,1
CUST100317,290556.5927762864,214172.91918405044,Business,684.2750956695955,47,87.98544860693633,1
CUST100318,320540.4393412322,184737.66161538893,Other,666.6878879193757,36,20.06335959815836,0
CUST100319,1070792.6498065349,866567.1706708517,Home,727.4631999849905,46,22.092383988476662,0
CUST100320,293482.62970937847,125831.86370949319,Home,641.2926476300686,53,21.06956497129998,1
CUST100321,680100.9353466698,396800.4944584385,Education,564.6626698910504,50,19.282303996093777,1
CUST100322,443891.28548912046,268116.97016655275,Business,722.3345797579765,39,19.57320341299658,0
CUST100323,296415.6973209854,128616.65432703578,Other,569.4191527423885,45,26.389105688504205,0
CUST100324,161653.5240673774,34828.19274869512,Car,794.7089102314355,42,30.064148610824866,0
CUST100325,411251.49995131785,71906.30713693473,Home,694.8615479212134,36,11.51700037240469,0
CUST100326,382567.55076510936,43359.15050079752,Other,602.0885810707708,29,6.015280176102386,0
CUST100327,1070804.5104838721,855387.9952211764,Car,738.6921290005007,42,6.5991053435001765,0
CUST100328,216183.82853334333,62516.02435721221,Business,649.2648772775292,52,19.071691515038474,0
CUST100329,1435266.5727821677,386381.5110077691,Business,632.2875551204781,50,16.814182409883237,0
CUST100330,454651.43057843397,313176.7812659083,Other,595.5304499121788,46,30.321985465687767,1
CUST100331,454383.81744297413,161766.4962306267,Car,499.745680037453,45,5.680396967489245,1
CUST100332,253763.17250503114,128108.72251111138,Business,698.3514056293462,50,38.3642201544306,0
CUST100333,437496.4124065929,100628.04767586786,Other,519.7498590545914,40,23.333492559446604,1
CUST100334,481100.06218332535,417496.9872387596,Business,586.5364534518898,53,17.653043707328965,1
CUST100335,635645.549648297,496607.6966322082,Business,684.6275643080222,45,6.767008145363583,0
CUST100336,201391.62519242606,159307.15931386256,Business,609.9458878803588,41,40.410924904173804,1
CUST100337,842449.0911707316,358393.8489543511,Education,662.5721496632759,52,3.447108598730718,0
CUST100338,449930.90893702384,319400.98995098314,Car,552.9043748840278,40,17.820534737288842,0
CUST100339,521746.6150247779,112228.1791483952,Other,622.1232501489678,49,15.3607988365895,0
CUST100340,,33912.138555384176,Other,663.070856396655,57,32.749890712088835,1
CUST100341,207547.2735479981,24070.989515861995,Car,573.8821987251423,41,61.882457508861755,1
CUST100342,378372.627640818,215400.49537242795,Car,784.9090782193537,36,48.165451092189265,0
CUST100343,405297.7778586754,188186.2123019895,Car,599.0060869695418,52,24.814021334887013,1
CUST100344,157746.25485877518,81146.61048562209,Car,760.2733430412725,42,4.681177526873953,0
CUST100345,583016.7776792488,61782.5866298569,Home,636.5755564202826,57,45.82452815293307,0
CUST100346,658628.4069615746,288577.57265531213,Other,524.5219547134917,43,9.1174027087023,0
CUST100347,233795.30012651146,157684.29902004913,Home,559.0479353123478,41,40.66455837963521,1
CUST100348,196113.48776144057,89065.9134984301,Business,664.0863431145104,47,40.117366890676365,0
CUST100349,302012.3452628808,207112.6263221916,Business,732.6220602046739,44,32.16524781587129,0
CUST100350,367447.9879355725,105242.67848831546,Other,791.582170610029,44,15.14004148124089,0
CUST100351,309123.88382183714,232001.68000143548,Business,660.2574982874636,47,18.313558988356185,0
CUST100352,349217.18015117507,199313.95681832766,Car,555.8205002004335,33,46.261020739986996,0
CUST100353,413695.97312835546,111123.07372739828,Home,672.2788064435796,49,15.495729325554203,0
CUST100354,159378.73609178915,46120.441808083546,Car,583.9828261311877,53,17.134536368882035,1
CUST100355,170761.41436758894,102870.83775342138,Business,681.3753296955641,36,7.397376808154335,0
CUST100356,70730.58461529529,54034.748560166714,Home,574.6820358075561,45,37.8593506255906,1
CUST100357,637638.7230152733,275780.16684772004,Car,482.83438102641503,54,24.587359779290168,0
CUST100358,365541.90851199924,112089.89631741469,Other,755.3484527695919,43,61.64381035499629,0
CUST100359,679227.008856956,539040.8612106156,Car,920.0,49,50.12630108659525,0
CUST100360,183021.18726260652,116294.34060902412,Business,,40,7.8469164987236715,0
CUST100361,367560.93878806086,168515.07176926473,Home,729.7361099391617,45,8.522675680317594,0
CUST100362,412048.32027271134,202035.59676772248,Other,800.3077367465164,50,31.69855382505912,0
CUST100363,258572.26864946287,68109.27350545852,Home,707.6064521719165,31,17.91358638186469,1
CUST100364,142620.61203188615,85778.04098162378,Other,658.240129296289,44,52.24790408277718,0
CUST100365,1032530.1472344574,399582.98050753196,Home,687.0298300890591,43,21.688071442758737,0
CUST100366,838667.8379725598,751879.2539646832,Business,626.417356537069,39,13.974734112252483,1
CUST100367,288035.96706554736,139451.69525646826,Other,652.8891502791712,41,3.836375008023042,0
CUST100368,491952.0774147101,240421.15442217977,Education,661.5890910287347,60,20.633895972965945,0
CUST100369,270797.2308582048,149664.60077140093,Home,587.0699794557494,43,18.503933396885014,0
CUST100370,199338.13611267682,166129.35995670632,Home,651.6938869502302,38,34.025874358223405,0
CUST100371,,803020.7647743995,Car,679.3681482003144,46,25.732899245723996,0
CUST100372,134158.69525465363,61834.28676884076,Other,691.361351806044,38,17.88108713022948,0
CUST100373,305192.43217910564,205992.504807971,Education,684.9859025943451,40,22.850186792467454,0
CUST100374,381015.1039914834,216793.17402430915,Business,542.87798255405,36,54.750957690892186,0
CUST100375,975535.6143670806,481810.8345158114,Car,748.3407154079725,35,35.15359400314956,0
CUST100376,620296.7009930966,157463.9416249661,Education,741.7024981963052,50,52.926922276646046,0
CUST100377,132806.72240456648,62571.75588370907,Other,642.3081273424968,41,24.561696702203577,0
CUST100378,361620.2313191113,107276.40257322358,Education,686.4406956084347,54,52.898126472396214,0
CUST100379,366823.5125067132,305150.83988889284,Home,632.6756986313194,37,21.867731966814226,0
CUST100380,315841.88354685495,116332.60413799343,Home,710.1566130249173,46,17.606880547177408,0
CUST100381,525384.4002043251,452782.1665098553,Car,584.8582523093304,48,7.184698346862466,1
CUST100382,155520.96790539415,81873.11652063554,Other,757.396847623274,43,31.86414570170435,0
CUST100383,283457.7759127137,171558.7095670482,Other,706.1766089454366,32,5.467957116373356,0
CUST100384,482767.8855608686,257968.1568533596,Education,708.0347033255113,38,62.12211902882674,1
CUST100385,544566.5363790496,110821.73720281762,Car,,46,17.054685879168822,0
CUST100386,396190.99481664924,158736.68558723447,Other,536.9905196053845,43,49.739590978960194,1
CUST100387,304663.9606450848,54631.39386375902,Home,720.7147760096616,48,10.057777513028803,0
CUST100388,337066.40446850646,201688.14430445674,Education,539.635093207796,45,35.55097884196379,1
CUST100389,564809.7757927708,258400.10877826496,Business,721.6778128179636,37,29.939135939593687,0
CUST100390,369660.5645594538,267038.3475036919,Home,588.2298226534222,50,37.20395714507417,0
CUST100391,193859.98927742633,53578.32299376412,Car,523.0361076775516,38,40.79554141841523,1
CUST100392,172801.95511881122,40030.06482610961,Other,650.0799762970825,46,42.814282924366054,0
CUST100393,148185.11484218223,62988.42213177507,Home,744.6240440430726,36,20.868070318141417,0
CUST100394,867480.6552176676,729783.9818012827,Business,572.751700126505,43,7.88390417989135,0
CUST100395,587996.9862059057,2754974.9004347804,Business,777.9227699515861,55,17.593856547888006,0
CUST100396,339798.22688463103,147859.4266122361,Car,702.539243506454,40,55.09773763789768,1
CUST100397,275880.89422683185,141752.4964230614,Home,662.5407617892702,44,29.58007955598983,0
CUST100398,256694.51395872617,42963.06577435744,Education,615.150059500871,47,33.58935899931455,0
CUST100399,697977.582557757,619567.2814535645,Home,620.7282118564152,49,7.7621418876227155,0
CUST100400,,4046584.465163374,Business,684.4133783000713,44,38.27586951294159,0
CUST100401,,82702.70777073379,Car,250.0,54,7.77213346283877,0
CUST100402,717156.4613147128,407808.6661345584,Car,602.5203025878329,45,34.69413548287258,0
CUST100403,368356.9608141657,69098.56938375143,Education,585.4789338172186,48,24.54494918222685,0
CUST100404,318871.2330273891,278269.1468913311,Car,632.8938545262506,48,46.84543572757272,0
CUST100405,893166.7474527213,214206.38605035158,Car,761.4902940685876,45,36.56907118497707,0
CUST100406,360014.85287032643,1291208.858951349,Car,552.6489327730826,63,16.69062472760504,1
CUST100407,432708.1077228922,128238.9195861773,Car,741.3982115794217,38,30.27522660411638,0
CUST100408,420401.02651797107,283370.93613587634,Car,653.3823865274506,37,67.28195762188204,0
CUST100409,136576.52783761732,98534.10485396029,Business,517.7808685473108,39,28.730069398644265,0
CUST100410,,275070.38632882416,Home,613.0694078747454,49,59.19302703780195,1
CUST100411,258431.19966405866,152887.78613173863,Other,698.7734458352218,50,13.809299513802141,0
CUST100412,154400.95718103446,125678.56160664839,Car,794.1451156032609,48,21.206781025539865,0
CUST100413,265592.3123581241,43265.35122371943,Other,543.8101821294746,43,11.466298785837088,1
CUST100414,264280.5951787897,96391.5405209508,Other,424.46588191557936,48,3.8890769952978665,1
CUST100415,671943.4898459698,200662.4734231656,Business,545.235774763365,47,11.430589838489091,0
CUST100416,191324.50229939824,170357.47387555847,Car,740.4332406293205,50,27.06467384324745,0
CUST100417,225503.6302737991,92797.4101524957,Other,506.50066343452636,51,12.845054365318223,1
CUST100418,417163.2689176383,286211.6136643233,Car,769.7803112703509,40,11.447383658120312,0
CUST100419,163492.7191585359,105907.33505119724,Education,747.1847158209537,55,16.397660903679988,0
CUST100420,243920.08864016956,65776.70825953603,Education,665.2828993650206,45,32.834454417015266,0
CUST100421,133427.55612698724,38853.856725215934,Education,599.8907751722378,49,27.90608151532806,0
CUST100422,629075.6986164026,204466.99652334812,Other,654.4208500653714,64,34.09674559228882,0
CUST100423,302302.10007582384,129657.92170059674,Education,698.8869881712081,50,31.773580687522408,0
CUST100424,358774.4844261732,103133.33213613488,Business,686.6781171780239,46,14.939432965882324,0
CUST100425,627567.29789234,72622.83213084778,Business,789.1727498616084,39,63.45273808861553,1
CUST100426,234835.0589313839,188693.36214847246,Other,629.1918040138803,51,35.224956936274,0
CUST100427,300381.2544050068,262078.99937329837,Car,545.9325621101602,34,35.62444012401422,1
CUST100428,192182.9766193741,71733.50862574411,Home,531.81754342943,47,29.245578937524826,1
CUST100429,191932.2583005487,71169.53768477692,Car,515.816698555268,38,5.549109273810356,1
CUST100430,208490.81439613234,22031.943696312035,Car,665.7023138028485,36,8.761906006028617,0
CUST100431,269549.07938588975,173643.6653714451,Car,631.2505039422034,40,7.0454337714226645,0
CUST100432,,218632.77498024204,Car,,38,36.740345663541035,1
CUST100433,430705.2629694389,93586.49954499002,Home,607.0352367355054,53,15.591013142655449,0
CUST100434,212196.88620277075,48324.250353935575,Education,561.1866513021859,54,48.34575933490447,1
CUST100435,438791.48655838874,321224.59166371904,Car,699.1468707701962,53,26.617657537594773,0
CUST100436,,287361.0924893747,Business,452.9548880122999,35,9.343659114363453,1
CUST100437,273568.32594953984,37174.77471605591,Other,585.8723545797011,44,18.59546510749319,1
CUST100438,223499.67894543323,133661.20989195583,Other,712.9192127974713,45,28.999843956649134,0
CUST100439,381187.7897594764,132323.3101666242,Business,577.9329258637571,47,3.563840238775401,0
CUST100440,320696.1954021229,126668.62314705753,Car,681.3340335838798,58,21.013261594295184,0
CUST100441,413416.60716317286,295917.46181967185,Home,585.9792723570828,55,27.94040359613866,1
CUST100442,929051.880487438,695625.8806134892,Education,613.532410093577,43,44.55614534688138,0
CUST100443,377445.78786602244,158634.91674255664,Other,695.9936412643839,51,40.74293093253522,0
CUST100444,246831.61518432474,211712.9927352516,Education,547.7721346349493,47,24.412000594534103,1
CUST100445,212238.56611631563,90237.50816194215,Home,709.6222664061077,49,23.87064796364481,0
CUST100446,217222.84068554247,155850.616961475,Other,653.6736393958213,47,34.13102167305231,0
CUST100447,150593.61791587382,73354.42410996197,Education,750.5151093903224,50,29.68895849830312,0
CUST100448,633899.7925468076,518546.4237238029,Home,666.6519977317391,49,44.238713019015144,0
CUST100449,94848.1725448726,78364.41330831149,Education,564.4410703616522,44,47.5921856236539,0
CUST100450,485465.20250931085,82496.77491961367,Car,788.2395537552989,40,52.79884629632673,0
CUST100451,215165.2584902466,182717.18961363018,Home,571.1245644158274,36,55.92779571916153,0
CUST100452,266347.43210016907,202538.0113285631,Education,631.8275132692846,36,52.601160786628085,0
CUST100453,211336.60275336305,154919.99474347712,Car,726.5927141569418,44,47.6583046603236,0
CUST100454,862438.2195244102,224862.7164169578,Car,499.60577802530895,47,12.616219041898363,1
CUST100455,365780.73970041354,272175.75375027576,Home,765.1735184091099,44,25.58551152025951,0
CUST100456,582000.8079982243,454022.4315937676,Business,557.929256613895,51,29.34237738145235,1
CUST100457,790417.143757847,261881.21955648565,Other,613.6000464129942,44,25.39410835464424,1
CUST100458,399529.6600708499,344317.88233279705,Home,673.108632335814,46,32.86373993061806,0
CUST100459,176773.7132620093,24728.541904415062,Car,646.663531513168,49,8.771113112916899,0
CUST100460,317303.6084701088,69783.75844571232,Car,713.1340846760363,45,35.85798876104895,0
CUST100461,232036.78447699582,122994.55738286549,Home,521.9353943223159,43,11.164083271284085,1
CUST100462,267773.7008217228,150123.03480033693,Business,708.1961083018174,39,36.73733695620804,0
CUST100463,342225.6946992194,210852.11782425072,Other,714.5793910218824,43,58.31453541016127,0
CUST100464,4301276.4713907745,37957.3112557274,Education,732.3380663396714,47,30.94310889402317,0
CUST100465,463826.3412526206,402737.3599921123,Home,522.8271382426872,35,6.03599371535437,0
CUST100466,506045.8598453986,68655.48176575288,Other,532.4851812936782,46,22.364241460006305,1
CUST100467,334206.0153522508,71670.3336697854,Other,622.6099480273191,50,10.257716841615308,0
CUST100468,461428.0198931239,51316.154846757156,Car,541.1339374957839,41,17.990455520656234,1
CUST100469,260506.75924554802,144187.03865131742,Education,505.6825680468397,35,13.677186386493375,1
CUST100470,797205.6027708845,674287.2667887309,Home,619.1628754223068,44,21.86416219905407,0
CUST100471,257994.41775713116,163247.96287166583,Car,668.7273089166212,53,42.935090769332874,0
CUST100472,742896.4085578527,563209.0639017088,Car,873.9183624235727,45,13.413410459561742,0
CUST100473,149396.5927113182,16526.992506185932,Business,693.8940123236553,52,39.843209721151766,0
CUST100474,288299.64306377486,153840.2179758258,Other,790.1815999919855,44,51.05423996191906,0
CUST100475,296977.9272002162,138881.8411020612,Home,646.4679130901138,51,51.06979250341072,1
CUST100476,428221.1628997558,213757.02294911837,Home,694.7652794293834,56,53.61100324745253,0
CUST100477,607489.4464403504,95843.94303200925,Home,638.308984357378,38,13.869461921656118,0
CUST100478,171161.50752119403,110835.34131326775,Car,864.6498573373511,50,9.0297416935816,0
CUST100479,186318.0008373767,93639.01742535054,Business,,38,31.073127014591982,1
CUST100480,156194.16494286276,111228.84502314388,Education,606.0020559893447,41,33.19318612354712,0
CUST100481,799794.8356474458,390485.8378932521,Car,713.7232550124963,37,29.972600672820697,0
CUST100482,433030.29317397205,95052.44830134884,Education,666.5978322911461,41,29.12184267892305,0
CUST100483,188976.37286401886,116901.83557880479,Business,,49,24.46411074842407,0
CUST100484,277657.34920306393,66057.20719301037,Other,726.8301718990525,29,9.901003623534422,0
CUST100485,736052.581486991,587307.8744947214,Home,646.7082268215103,36,34.981076481378174,0
CUST100486,306547.6422172711,181014.23421516447,Education,646.1442618042089,55,35.474891868135735,1
CUST100487,295873.45272839954,66797.30992108742,Car,668.4465846023113,46,9.071203454267584,0
CUST100488,226663.53583727265,197167.91100729755,Education,511.2703448390129,47,20.16519524849324,1
CUST100489,195830.46936548766,100792.44852680023,Other,522.5396806568451,40,16.527673974195466,0
CUST100490,736742.9166734425,116640.2261096656,Home,736.9516490069446,54,16.33374657280801,0
CUST100491,988892.5437094079,594785.5626331584,Education,595.8430663265997,53,12.117464969484013,0
CUST100492,200562.9333108113,60682.14573234559,Other,639.3638921432243,43,33.192633720533266,0
CUST100493,841520.2845328691,625211.50229408,Car,778.9950908898342,49,24.619075395750798,0
CUST100494,270375.32092736044,203932.65657428658,Business,642.9706035256332,48,20.1900137942616,1
CUST100495,498913.89125178155,440619.73683725164,Car,633.1928948714271,35,10.271425471588483,0
CUST100496,844186.1303790915,423355.6509185053,Home,,43,28.50161098274942,0
CUST100497,332021.1805090879,154046.3742812563,Car,,43,12.459589185400327,0
CUST100498,297519.44043699966,209090.85645599314,Car,746.2343383425632,53,31.193164057108962,0
CUST100499,585750.1299796202,120650.77633457728,Car,720.0446335549184,43,30.591500230097463,0
CUST100500,186097.92595458328,100033.66682688688,Car,796.426655624667,46,27.486795962506292,0
CUST100501,720886.3868775582,387114.6057268489,Home,594.7725565378241,46,20.033819004683,1
CUST100502,394622.79389664147,67708.78635133801,Other,920.0,49,49.49933210969483,0
CUST100503,2951414.0430839495,111249.51893694654,Education,694.3273685603141,34,31.23145926101682,1
CUST100504,,197284.36428388173,Business,543.9706893059982,45,6.416091482943746,0
CUST100505,157932.41903847666,123964.77197598385,Education,442.3058860444275,52,40.147881724556655,1
CUST100506,262576.2250556136,47103.58365591635,Education,586.1578494323736,54,71.67022306044942,0
CUST100507,309148.59887869115,53351.846920293065,Business,673.3878245876602,39,52.66668888212707,0
CUST100508,191611.25423514118,59429.45328770572,Home,684.9878346086246,41,26.48595129087602,0
CUST100509,352470.078633553,281910.098146851,Business,645.2735147771948,48,24.796554186684833,0
CUST100510,481061.42840494926,97714.19220093325,Home,645.9896507261574,41,20.66092022539372,0
CUST100511,,215421.25841760845,Education,,48,33.179959098570606,0
CUST100512,539088.7515111009,97538.6732095699,Home,732.4973706990686,42,34.177848925108584,0
CUST100513,223176.007451011,133573.13537792646,Other,535.0968241373542,39,14.062012586674102,0
CUST100514,661344.166308814,254520.84149950696,Business,671.4631886027422,41,42.34563166054032,0
CUST100515,389682.98300577374,284909.37543933385,Other,584.1798979309567,50,55.216727751743434,1
CUST100516,8727063.388393313,262686.1436949656,Education,577.4767147954053,38,6.341649908247701,0
CUST100517,1541906.7954516704,942662.3950663817,Business,,44,11.09001296766186,0
CUST100518,273171.16196713346,78822.45365707623,Education,571.3389538464046,49,52.790769577122,1
CUST100519,280004.7017176418,187863.0579322013,Other,638.838541288011,35,32.143669022329455,0
CUST100520,312467.1825583513,249643.28939368718,Education,806.6798721503196,45,8.914573526892307,0
CUST100521,517839.8741058189,104314.4095675361,Business,717.0461574465339,50,25.664650000147855,0
CUST100522,802576.1193695832,636664.8157892711,Business,613.6023749631697,43,21.026059040834326,0
CUST100523,244828.90766076092,140742.39568824475,Education,620.2101553275295,39,29.99370148909594,1
CUST100524,455315.8167428998,91831.91524685793,Business,551.8237681073366,46,32.85306214408054,0
CUST100525,333848.8504898342,147572.3706074881,Business,754.0516193812841,39,66.65301532772884,0
CUST100526,6802345.0352326045,120026.74097327658,Education,730.9081446336854,38,0.25033626541126774,0
CUST100527,895981.1161814397,591596.8981637311,Other,704.9281819095825,48,16.136076154500113,0
CUST100528,313577.8888691893,221729.2029036236,Business,713.746635584731,46,4.941206931613999,0
CUST100529,132996.67408290502,24556.13566895202,Business,,67,44.94623132127423,0
CUST100530,565995.2733213931,1627553.0312961268,Business,526.167004581132,43,33.09891124631052,0
CUST100531,219778.80084750653,165207.73444771775,Business,694.8432340243047,44,9.854231188526983,0
CUST100532,332412.03836928896,282194.69574729697,Education,721.0846298897116,50,69.53324796391607,0
CUST100533,580832.9669288334,296697.7815813534,Other,778.563734650157,44,75.23955978750004,1
CUST100534,432975.7116042722,372455.8296131507,Other,633.9287834981257,46,30.878780933636197,0
CUST100535,340771.6843534619,180115.27463684473,Home,622.2598977135744,38,45.243512639321956,1
CUST100536,256394.09479046904,106493.90150940746,Business,630.8591836264435,31,60.14934406678908,0
CUST100537,63580.60384566525,49501.47406230695,Business,,44,9.509451831508601,0
CUST100538,550725.8913302997,272271.2632349965,Home,627.4328573859802,50,14.873109494644055,0
CUST100539,311211.7975598628,148610.48262462416,Other,645.8208730589328,51,20.569081326879356,1
CUST100540,898068.6275389461,442074.2742974855,Car,716.4842312991163,42,52.98108133492543,1
CUST100541,459924.1290330974,357557.89647389564,Car,599.9331075813011,55,30.388307085781328,0
CUST100542,261797.0270216198,200419.560517934,Other,761.2923188337411,42,22.032648772122805,0
CUST100543,687022.3153735425,290484.0231419848,Business,700.6471205861261,44,28.789158806241005,0
CUST100544,722648.0876523366,264951.61384541495,Car,501.3903496527748,41,51.62212803400924,1
CUST100545,317610.4501753268,156754.22995267416,Education,608.7716642777308,44,28.64555885906963,1
CUST100546,741319.4510028455,413817.8670745531,Education,488.0525201435113,58,31.19164320862599,1
CUST100547,259578.68848227375,75451.67728929849,Home,634.2656481370559,55,41.40224817015135,1
CUST100548,398629.8861090666,293058.36860761885,Other,610.1351116703571,42,9.678195225828292,0
CUST100549,,249654.43320984175,Other,716.7883807360151,43,9.84562964833561,0
CUST100550,580049.6314972301,213015.36096115317,Car,579.5185320835733,54,45.3811822192364,0
CUST100551,525924.5861851777,97536.287834899,Business,681.0188001547592,52,58.31056179945151,1
CUST100552,296678.9010434216,86356.14587080764,Other,695.5078087574747,42,22.02743452819188,0
CUST100553,698170.4742781977,600025.1161544105,Car,670.5755881782411,39,37.900525743273484,0
CUST100554,336160.36643386923,115665.97465947556,Car,741.2098865418022,46,35.10762511176716,0
CUST100555,257450.7149809887,60523.427321078794,Other,815.46310806735,51,14.832566617543478,0
CUST100556,259729.82097533238,121693.35146133963,Car,658.9553554159254,41,33.28909353794872,0
CUST100557,1160072.4695554029,401002.4764036358,Home,682.4143613512294,54,42.35013059367476,0
CUST100558,232073.62353864245,29734.99004293467,Home,579.5778436934312,39,17.265207676416765,0
CUST100559,786211.5132650065,281869.54355178063,Other,568.4381268781406,52,19.530698965669057,0
CUST100560,183270.77490421434,98102.44480358316,Business,732.7063720266183,35,18.242942729693176,0
CUST100561,485407.1328937054,262784.80983672856,Home,722.1220404882687,44,14.816030659627321,0
CUST100562,432894.82144932606,166771.4905601595,Home,567.630410066299,39,26.868923637370607,0
CUST100563,958127.4903881053,438671.2028723998,Other,545.3423565992422,51,9.673201995947684,0
CUST100564,,213388.14200510015,Education,,49,37.903760050166476,1
CUST100565,207233.502774515,83282.74763990493,Car,638.6897624452712,57,42.67287926369004,0
CUST100566,337760.982852518,103551.25208170417,Home,617.2698873213404,52,24.6276977648614,0
CUST100567,983508.0457838373,289912.24195667705,Education,662.8411894665802,41,63.18301245805007,0
CUST100568,213097.46283521634,99348.52831791878,Business,,47,28.74404568348301,0
CUST100569,76645.79481869377,489038.12522991595,Education,686.9683503003951,59,17.779829444716633,0
CUST100570,,99413.6343315623,Other,692.8896798147299,52,35.467481254807204,0
CUST100571,640313.8660193327,427369.10285956954,Business,453.8770884472898,42,39.12925209234989,1
CUST100572,197149.27076524636,23050.6648766456,Business,520.8877583904734,44,50.46651730795963,0
CUST100573,602449.6088055671,262153.7678423004,Education,586.2834553883154,35,20.24263997071304,1
CUST100574,194551.73745206348,140211.89091605492,Other,599.4885081472395,42,9.36894059970827,0
CUST100575,331726.09044169576,123065.85634241915,Home,717.1862267951387,53,8.838167157519754,0
CUST100576,568985.0218770847,313504.8757867765,Education,579.6878854825495,43,17.010890213038135,1
CUST100577,177641.14570191636,46894.31118162737,Home,,45,26.608279931006983,0
CUST100578,403894.10203395155,280139.459973184,Education,587.1915408954961,46,61.369880227470766,1
CUST100579,750867.2169377931,106490.45351411293,Home,553.9292570085747,45,8.507239615681062,1
CUST100580,481355.06590842595,376436.0834018748,Education,557.6440272764967,44,29.354902008717982,0
CUST100581,235066.64894447353,60778.153205683746,Business,830.6613194631377,57,32.74718639566591,0
CUST100582,900973.3984033882,720344.8327887296,Car,585.4108025192005,52,13.456779303306703,0
CUST100583,537688.9473436712,205409.75606455773,Business,705.2789767088273,56,6.394821455470187,0
CUST100584,118626.0277872518,80445.8682083259,Home,525.344125619984,40,4.970475656816046,1
CUST100585,608374.6481797475,216204.32740257282,Other,763.5143203342988,56,68.6785961661982,0
CUST100586,257088.44497618297,212028.38277241084,Business,677.923291605097,45,52.916368583963504,0
CUST100587,407557.83524969144,82045.34571577884,Car,671.9183095034309,38,9.625952066071433,0
CUST100588,663180.4490014628,161030.7121045051,Home,683.1061858514655,55,27.189138831059367,0
CUST100589,260468.50980463202,128781.90857158677,Business,691.919977955628,49,19.265183462699152,0
CUST100590,134947.95054728893,22340.734590122327,Education,714.7253807075904,47,22.578443981980993,0
CUST100591,893880.2665418047,229534.28244467895,Other,602.0722065432777,53,10.802969930287714,0
CUST100592,728505.2292673668,622881.5186452942,Home,597.3929364982303,36,61.61022739524149,1
CUST100593,343741.90963897196,302902.52765644714,Business,653.9379102438454,49,26.971383695363745,0
CUST100594,604437.0880372706,242383.7834975964,Home,704.7542208334647,42,23.671115440395674,0
CUST100595,290212.2877139772,243380.38746962932,Education,644.6675619022009,44,25.855883648520937,0
CUST100596,383917.1703374292,205725.75528538413,Car,711.9121436639283,42,8.794090497688673,0
CUST100597,332178.32739983755,104899.91365410831,Business,699.4269426161534,44,13.576311755005394,0
CUST100598,297340.5960537959,196815.38312020287,Home,632.6413390867178,40,65.83492127536262,0
CUST100599,449360.863151801,281803.8339429872,Home,510.22560241753206,42,34.26980768303591,1
CUST100600,,156376.0221671168,Home,609.717764371687,38,20.95577581262078,0
CUST100601,311467.881125117,97189.76171837522,Car,789.423778704774,32,3.8308138430878858,0
CUST100602,437436.87274051097,278930.57298596523,Home,677.204772056456,47,39.65784903179385,0
CUST100603,1091278.41503697,154545.76224994214,Other,598.8359894983926,46,32.54911624807063,1
CUST100604,179778.25806338715,34322.695304499124,Other,670.052126208632,34,26.446580125935746,0
CUST100605,495009.30266628443,51052.635908329015,Home,704.1315254662242,45,25.62488108893958,0
CUST100606,528653.9118637877,475560.43022337207,Other,598.8747512438694,47,45.95760048332979,0
CUST100607,117473.5829803786,87144.13088590135,Business,748.8307115297517,51,17.704682441246312,0
CUST100608,463387.63557098166,337984.93767441815,Other,689.655841693092,39,26.205723380767715,0
CUST100609,614258.4502995787,311908.6842970008,Home,562.0072981462129,41,25.829927958490394,1
CUST100610,515654.1705348925,175350.09124583282,Education,718.5093029233899,61,37.77173994544049,0
CUST100611,344429.13593657874,76122.77503009334,Business,617.2309292161843,39,60.84848220158329,1
CUST100612,442388.6272469241,144988.35626882335,Car,635.6695658955516,50,21.20618186888277,0
CUST100613,5782504.117243655,160742.12410669035,Home,568.7225042425512,32,20.834080001581672,0
CUST100614,131442.60836063742,92673.35833732494,Car,700.5157130151864,51,14.395837350091956,1
CUST100615,406765.52585082274,216289.20166091147,Education,240.0,46,20.3034835814933,0
CUST100616,290615.90389582864,47075.969724421615,Car,703.9005563600488,28,16.346053693393564,0
CUST100617,237306.23038791536,27153.33996172707,Home,605.9214088747544,54,45.708597004349706,1
CUST100618,1608772.4168961833,292580.5919258335,Home,596.7677369703937,47,24.599290978941724,0
CUST100619,768018.7545139877,329018.444110163,Education,590.2850342721799,48,48.69367527321943,1
CUST100620,181660.8495813298,153785.77946565623,Home,681.6825743634342,50,11.82314250377345,0
CUST100621,445958.741082561,272000.0405746283,Education,595.572014039781,47,7.076038021706313,1
CUST100622,868753.900242295,644146.8922899428,Education,633.750988101887,42,41.730972569200844,0
CUST100623,147602.85112904612,69830.86098732392,Home,608.5258410154934,55,72.38765366597714,0
CUST100624,379340.6468913218,147689.7814554187,Other,685.2067139918141,47,32.24431340963039,0
CUST100625,390211.28797053575,72860.36804044516,Education,511.1758042716551,49,31.6239801118713,0
CUST100626,168603.36292082543,135008.53887927945,Home,669.7626296178671,44,10.82552172173675,0
CUST100627,454853.27926068805,330463.6538374586,Other,788.5074551276646,39,9.768227509207168,0
CUST100628,707680.3830026925,165947.14205838297,Education,748.8820886986958,41,53.071898092063364,0
CUST100629,895223.3819192449,456392.4457256568,Other,600.6677502421222,55,40.499343501004006,0
CUST100630,311882.420697482,152791.14997490676,Business,689.5681420931987,43,13.239196189643343,0
CUST100631,1624949.052718198,975088.4463919175,Business,674.0452378271924,54,76.4466357026317,1
CUST100632,105368.59894324033,90295.5697809764,Other,767.551365052971,42,54.83498632274676,0
CUST100633,448529.6313141409,252888.69994756844,Education,449.19080621417856,44,37.541484117747245,1
CUST100634,155223.82833647315,82606.05665992173,Home,739.0293895148131,54,47.79868362309852,0
CUST100635,382356.8380183981,53628.737815207816,Car,628.5985861788903,48,15.99347301891451,0
CUST100636,264833.3263539646,39811.3295365049,Home,590.5416848439666,40,38.15287756888079,0
CUST100637,490964.19123115635,122680.87182992294,Car,588.2558376964299,49,19.77718764210601,0
CUST100638,335665.890776109,42286.05348088958,Car,546.0074947030976,30,7.072089173611519,0
CUST100639,220666.8756233264,153293.3763231226,Education,,36,29.317538909445478,0
CUST100640,229538.35792880823,155779.4759680168,Other,563.6212756854884,38,45.506576092494434,1
CUST100641,1154843.8505503272,241183.34958496597,Home,664.4173736405855,52,28.817577024480634,0
CUST100642,472651.79948781134,363404.5375285258,Other,697.1950105862704,49,34.2507654301692,0
CUST100643,130447.06301811506,29197.813215327446,Business,629.474127228931,54,38.30803373991878,1
CUST100644,504071.116401274,171858.24313658153,Education,769.9778565004932,48,49.73337676375253,0
CUST100645,322285.7980930404,96421.95473166481,Education,606.126297163445,56,10.734961224291812,1
CUST100646,363218.7875685038,144505.02511433026,Business,625.2910062082726,39,13.591987691397112,0
CUST100647,592397.3525781936,179929.44782646443,Home,612.1647485657261,61,34.14064904476461,1
CUST100648,736700.2000559237,361838.2162653819,Business,697.8895099131516,43,36.62438089946466,0
CUST100649,216362.89865107177,92154.64997966053,Home,705.965880228151,51,42.328074753849265,0
CUST100650,355811.013352062,316406.93354034214,Car,689.6293507176878,51,12.704915868393105,0
CUST100651,261015.06328024177,37779.60218222561,Education,640.0713076850025,40,52.34031266162887,1
CUST100652,518200.3946272821,110762.79574478882,Home,542.7501712737688,33,16.440773209739742,1
CUST100653,315091.1697654049,44825.09514099228,Other,624.4447535351594,37,7.622973861597256,0
CUST100654,368630.8028311436,221426.55400403874,Other,768.2511771120425,43,4.080420486172997,0
CUST100655,307993.4955516453,44230.151867681205,Education,731.059030994799,60,21.087890930072167,0
CUST100656,339873.3375815091,261414.1859404101,Business,673.5240317349376,49,38.450957108075116,0
CUST100657,1007306.609547665,513273.9940497161,Business,619.2438354305245,34,25.225286409871124,1
CUST100658,1520363.028523003,793030.6293830958,Home,648.910521813238,46,47.84727587425196,0
CUST100659,454182.89859819337,249471.5869394592,Business,619.5996608771428,54,33.47718831856701,0
CUST100660,341129.7328349278,80728.68048091797,Education,745.4441350466838,36,29.130429811199583,0
CUST100661,139054.04416176688,35897.11332788472,Home,582.8826401285268,36,20.532173197069024,0
CUST100662,229520.83303469603,81492.25732883255,Car,723.8935425837582,47,6.002705552049377,0
CUST100663,335695.0301863905,192956.54079850382,Business,607.6637942672986,46,23.54952164226987,0
CUST100664,235852.54221847752,63230.70351848139,Business,755.6741464289594,48,11.888272473305006,0
CUST100665,251213.77334719128,48500.683041233046,Home,684.1420739046405,46,26.202794546025586,0
CUST100666,932135.7004720136,816638.0368163007,Other,590.0490080044106,38,11.370068451452346,0
CUST100667,368528.9275125862,43333.64046051511,Business,625.2550069198394,49,44.79948723406374,1
CUST100668,388841.5428836916,288581.83233604487,Education,706.931248537866,36,36.85574082821867,0
CUST100669,2482805.5653501344,176550.31972968546,Business,610.0685741140752,40,13.749884023603167,0
CUST100670,734192.720308644,247989.22303730767,Car,651.7709188304965,43,29.80580687311813,0
CUST100671,318842.5936671383,66479.09298116888,Business,608.9644664680844,49,37.943244019840385,0
CUST100672,264999.12442584534,57373.08353719091,Other,790.7293718598837,46,34.2696390280956,0
CUST100673,140301.5774752549,92310.76261112251,Business,804.4857514361064,58,8.222295949681572,0
CUST100674,349178.61173655256,214481.311646116,Home,767.0499162713379,40,9.916504111904672,0
CUST100675,260085.36913543753,188873.09501501484,Business,640.0500827892934,44,35.30006567497323,0
CUST100676,995248.6133664908,845946.33084657,Other,920.0,45,13.228343551233085,0
CUST100677,1095081.354917487,715681.5390681197,Home,587.6669136388696,48,51.233669712614294,0
CUST100678,172617.19967173462,38783.84461041119,Education,772.8577032642485,32,20.458551518838522,0
CUST100679,184740.61834887066,54453.05347785436,Home,724.4578968560935,42,30.73423570010207,0
CUST100680,306878.8179762915,237449.01510753666,Car,728.3008705205872,40,27.610510274096576,0
CUST100681,221987.70196444987,59369.47002175125,Home,,45,31.980176705681412,0
CUST100682,412689.15837777563,65212.25499581854,Education,509.3682012593673,47,26.222800218958803,0
CUST100683,297754.8888959752,197299.5483728821,Business,,46,56.78318430714609,0
CUST100684,428617.1624783376,180885.47969817877,Home,654.6107250322008,44,23.145518399629186,0
CUST100685,5705114.014545773,557137.7381973134,Home,608.1860594906932,44,29.259428503373304,1
CUST100686,191274.92955317115,118629.48728734304,Home,598.9838964485895,51,56.91614199914444,0
CUST100687,658109.5813754387,113415.43463583583,Home,677.6118698982899,42,21.60665150016737,0
CUST100688,233937.33314673667,200784.96335382716,Education,,51,24.902730422958875,0
CUST100689,1314661.4125496666,403398.3472087765,Other,593.90183451226,51,13.500919825390989,0
CUST100690,957983.256985489,354233.4615830302,Other,545.5512251475058,47,36.95122490504731,1
CUST100691,338456.81933918805,142763.90606303693,Home,595.8023059617818,41,40.08776498616158,1
CUST100692,,28644.269882523808,Education,566.4828829958453,44,4.741879126750545,0
CUST100693,181149.948530225,90069.9893982521,Education,697.426609274079,49,53.35167341344598,0
CUST100694,611810.0278180875,121538.99434601604,Home,649.6712996632062,43,63.411083317525076,0
CUST100695,355669.90270243393,149657.4519340908,Car,800.4391382588448,31,20.85394895015388,0
CUST100696,631668.5765899136,240392.7397206796,Home,708.7748095710609,51,23.03627546104061,0
CUST100697,1359377.4309972245,976402.8368437231,Car,795.1084909598533,43,15.71042287522369,0
CUST100698,228152.65805761536,169411.65548776352,Home,537.6899712073907,44,17.922273304519976,0
CUST100699,173150.60670387247,38565.88759987558,Car,389.77129628547067,46,25.347453003074428,1
CUST100700,406580.06104576384,159883.9294174108,Car,669.4393622748321,53,42.47135054829384,0
CUST100701,719891.4868109645,287008.1584417195,Home,659.8576192793686,41,42.75735103490718,0
CUST100702,206019.0308205112,45556.64941470359,Car,640.177166836165,49,43.64173430875221,0
CUST100703,369821.1699254131,273210.1244878037,Business,657.6637380503716,47,32.05840475568031,0
CUST100704,824082.7237084096,548659.9900495617,Other,560.0779052215513,41,31.484534429732868,1
CUST100705,135981.38725128406,34308.84225156703,Education,695.054295830756,52,16.482027674393965,0
CUST100706,417145.6735650764,164095.73341365217,Car,708.895459208187,49,5.139429859964363,0
CUST100707,261957.6540300144,249257.25037172352,Car,554.0201026397514,41,6.106420410370001,0
CUST100708,390230.92356530967,235139.6048152821,Education,621.7090863320567,39,65.07069574933882,1
CUST100709,554526.8875681745,109295.88520330176,Car,626.6508920688191,40,17.473692710848105,0
CUST100710,413529.90179826866,367523.5981246428,Education,596.3351278271776,43,29.87887776035132,0
CUST100711,197573.6210616545,143151.1096213702,Home,557.1110087893422,40,43.84325488733262,1
CUST100712,268136.73029513087,110523.50400596648,Business,,51,34.14554993243432,0
CUST100713,852523.2736144615,479843.7013950869,Business,670.8644416531439,54,31.155013465415642,1
CUST100714,441246.8446876067,365826.04513865116,Other,601.1854312988564,55,24.672049126813626,0
CUST100715,,325806.8430381509,Car,562.7369121794834,44,12.479959296268053,0
CUST100716,420911.20928496355,100849.81607102363,Other,682.8445796033099,41,58.543061371075254,0
CUST100717,588580.8862102707,237176.13393203667,Home,588.6143619811476,42,32.15355152566753,0
CUST100718,285589.95750668104,221193.96069132516,Business,625.2635589120636,42,13.77942363093219,0
CUST100719,228546.05255954876,140640.4787054818,Home,615.1138697473424,43,12.598386459929086,0
CUST100720,572758.0352767044,355441.89942980686,Home,749.6566931335728,38,27.022968886025687,0
CUST100721,712421.0701611502,565275.6193944124,Car,592.2855628757105,53,22.0063479936716,0
CUST100722,209280.59985406403,170601.03416070613,Home,,55,46.28990101168302,0
CUST100723,256384.3880529451,214294.80332634682,Business,710.1841550513205,47,43.5127831560643,0
CUST100724,328425.11912756826,57763.19798741407,Other,795.6718940631482,41,31.447862653679447,0
CUST100725,957321.6946312117,3030849.531041304,Business,703.1711063663739,51,13.46911985364054,0
CUST100726,507819.46173086885,351618.0633504229,Car,632.3164441838263,44,28.113746904040894,0
CUST100727,163660.24843592066,115469.09326063585,Business,576.6106936678244,50,9.920602641115536,1
CUST100728,342562.8162736556,200527.01028792604,Education,621.5670887380581,45,38.974252245668445,0
CUST100729,312535.31399240816,72955.07713651012,Other,768.9824820178582,48,13.960504760400697,0
CUST100730,179160.6675650925,132209.1857759608,Education,646.1648966124092,51,28.210702154993356,0
CUST100731,,229967.75763523253,Education,702.8735509724087,50,18.217890670645566,0
CUST100732,304363.361962607,51409.59460738691,Car,666.5577076052793,43,12.05786002751851,0
CUST100733,3673365.657394241,137341.377054942,Home,669.9728942807393,51,8.853019688804686,0
CUST100734,283671.2225838083,67849.02755782218,Education,673.0527747171932,55,38.44076982352842,0
CUST100735,875750.1645968339,324011.4791243141,Business,689.6273189465962,55,2.6882947188078363,0
CUST100736,,33332.58906278907,Home,584.8714007127352,48,24.81409459298177,0
CUST100737,373174.953830314,156831.9595118957,Business,628.0076583275044,45,43.40215011834489,0
CUST100738,349668.6156873974,188786.62302405195,Business,674.7450666413072,45,12.270063721005881,1
CUST100739,267530.7761637042,159359.00718161112,Home,663.0789778000158,42,25.991960270021075,0
CUST100740,379915.0064394158,239647.45163759287,Home,613.1036317110213,46,27.64955858623839,0
CUST100741,376702.24663740996,289696.47785497806,Business,683.3280731808884,37,11.365973687120368,0
CUST100742,379972.4070878953,103493.20832136166,Car,588.3086914754225,43,29.263237187622476,0
CUST100743,216308.32831618644,42479.81011494073,Other,,56,21.919144740965425,1
CUST100744,320079.69660184905,250055.77736121262,Other,673.5988614311315,48,42.25002319567028,1
CUST100745,571599.0855390842,128775.70197498085,Car,554.1206609983394,46,13.622917344199104,1
CUST100746,325172.15253304545,286089.0823344062,Home,672.4099201935708,39,23.171151032223182,0
CUST100747,399140.6530090523,308947.0725547154,Business,493.6255203520997,43,55.05172602567786,0
CUST100748,400401.15075630293,200481.37058371564,Other,592.0009728674561,47,8.219795330126997,1
CUST100749,465299.73971479456,411854.08082487236,Business,623.7938469560708,40,22.70135273015924,0
CUST100750,506454.89632825274,90099.02662896817,Car,521.4691860305871,51,8.14404481979947,0
CUST100751,326279.4932014,111735.26369046695,Business,620.1862181701462,48,17.9302898369938,0
CUST100752,,128008.51931405583,Car,744.8015710361929,46,26.169404821826316,0
CUST100753,174341.41359446337,66250.69513335467,Home,548.3753018493155,36,30.67380668538233,0
CUST100754,667044.3721461467,562116.9860576093,Car,622.3701403582919,46,20.33329111399528,0
CUST100755,575014.3458557697,87690.18831728963,Car,786.211573549776,58,43.09586313390595,0
CUST100756,534784.3233125289,288531.90019414865,Other,565.0511309591385,37,8.413570256185427,0
CUST100757,589318.5313552864,337498.6058784637,Business,761.7778681387098,35,20.459181992842574,0
CUST100758,328754.45372159756,204545.26758104344,Other,627.6795775963229,45,28.61798541749927,0
CUST100759,248966.62973585573,75818.54934175874,Education,658.1529668706332,46,39.027320096916384,0
CUST100760,201139.817389644,78777.04146515676,Car,753.3185785127507,49,17.85856125832454,0
CUST100761,188412.6912255799,146009.3644255989,Education,611.1921648559185,46,11.2365425111212,1
CUST100762,749600.1523366127,191863.3186872236,Other,700.4820538722788,43,45.15197334784627,1
CUST100763,269443.2539148827,205179.49603147598,Business,720.767768538047,47,22.958429742686064,0
CUST100764,682089.0100140226,375233.76531080453,Other,597.9348794206346,41,4.439602998574601,0
CUST100765,323795.84941117716,229814.10701926087,Business,589.0855866320964,46,27.727055896316088,1
CUST100766,241410.78778156437,161959.09194327006,Business,631.7117523480827,34,46.28706710894186,0
CUST100767,187846.6319675699,49968.93159883975,Home,,38,13.601010259142686,0
CUST100768,254513.04876192266,141267.51585570985,Car,563.6841616727049,40,30.83616151265706,1
CUST100769,,673670.4109951801,Other,598.6719601065574,40,9.130647175770319,1
CUST100770,188994.64345498095,84233.5876298891,Business,372.64766745022735,30,25.449513925919927,0
CUST100771,1289864.9654174848,1126403.7528673152,Other,623.2581853364475,49,16.1719875993639,0
CUST100772,218739.22448692165,101007.66668671253,Other,721.5515344241054,40,86.60086362928976,0
CUST100773,568052.9881739315,121693.1448794005,Business,516.6648692180361,47,8.911238098310118,1
CUST100774,331986.38016143773,136628.2458147952,Education,612.9484374765173,30,45.79428214830262,1
CUST100775,298840.19675469253,257409.56717759924,Car,845.3866246274578,45,36.610511718305396,0
CUST100776,,60095.81498480924,Car,648.1951966933173,43,60.78156626414379,1
CUST100777,341452.6209666089,271276.77565098,Home,758.5435494246376,54,52.324717156068836,0
CUST100778,180778.60814904323,145526.8781467824,Home,569.0467742647043,46,15.38954874275062,0
CUST100779,132065.5593664059,50204.61931142296,Home,685.905472461778,37,60.08643734168597,1
CUST100780,389165.1983721643,64837.30624623729,Car,555.4225415966649,39,8.001034039876833,0
CUST100781,247396.1398375302,168141.8778354678,Education,682.0851691955427,46,42.21458348913562,1
CUST100782,995110.5442068471,347502.3931398317,Car,717.3798587807827,53,13.342291112898593,0
CUST100783,660011.8240409506,479392.25658879423,Car,698.398067642374,50,10.549656947344378,0
CUST100784,1002953.1026799877,455464.9530513112,Car,622.4050139414786,54,41.71543098073598,1
CUST100785,240739.3898119092,117532.19453925146,Car,,39,8.030534510028966,0
CUST100786,393046.2797430997,283908.14661404927,Education,672.7593548327596,44,50.51391642752642,0
CUST100787,75176.76034356684,30513.545237067014,Home,703.2791724364122,40,13.099754415102497,0
CUST100788,305870.95355836605,139018.92228520237,Other,640.098644143473,53,34.475476525327096,0
CUST100789,384269.34648083523,154073.7071172209,Home,724.4911040188188,50,11.354475372297268,0
CUST100790,397292.81084938446,156482.6777676359,Home,764.7684319436846,49,9.77466380666711,0
CUST100791,,183892.69719942624,Other,624.5706042636,49,53.63462762099075,1
CUST100792,376983.0642664698,281621.2607986969,Car,653.7151782353568,40,38.53424548052707,1
CUST100793,,27693.24649339511,Education,577.614817295063,43,27.535646252855095,1
CUST100794,422410.5982651159,219401.65994303682,Education,677.2205859059414,50,35.05232964999128,0
CUST100795,484108.306854628,308174.5665903833,Home,677.7310182224635,50,13.573395517305528,0
CUST100796,808402.4066635005,255092.63813991463,Other,654.6389108026962,38,21.286247154795195,0
CUST100797,451912.0388517294,145523.9211582057,Business,660.6719723441015,50,54.72708021882502,0
CUST100798,334890.12099416135,283561.68013655476,Car,803.7461111259349,30,52.99603328499048,0
CUST100799,702896.6543266793,477145.69013995084,Home,419.0621756749219,43,26.888652872254486,1
CUST100800,88044.66004530259,49459.02975713775,Education,610.2674497632423,48,18.844806711316895,0
CUST100801,265941.2986448408,164398.53980922367,Other,622.5021057526336,51,18.816449662794227,0
CUST100802,228779.51724842488,28240.441683920682,Other,766.5530090363441,45,25.59679017094948,0
CUST100803,3643679.941941896,210917.57698890168,Home,688.0231047454864,53,17.725372244252036,0
CUST100804,96836.9884787885,49155.142756880894,Business,689.9748668910524,38,19.70489946371843,0
CUST100805,799531.6497054633,429028.4784107708,Education,750.78849527225,50,58.91509574711349,0
CUST100806,311799.0099067511,120834.29566487057,Home,635.6034638557376,39,8.052260870045801,0
CUST100807,438571.44795071374,72442.845027194,Business,702.1861228662585,39,43.02228270759883,0
CUST100808,4851564.25070246,105458.57400092437,Other,607.5387289477314,46,33.43553401148609,0
CUST100809,772582.3908788548,664881.1380073071,Car,565.7354939323629,46,43.18389591747166,1
CUST100810,118519.16057180689,50602.899294313494,Education,793.533358984239,60,17.753647523387535,0
CUST100811,387469.610150441,183407.3933778941,Education,679.5225383811304,46,20.67848782119799,0
CUST100812,720504.5117859934,102432.56430235483,Business,701.5730075899681,42,56.957041899691205,0
CUST100813,341535.91880115564,44417.765258674386,Home,563.5860252187733,45,50.377780125468064,1
CUST100814,204687.22557673993,137907.02706256395,Other,690.828211668951,41,64.3727604808818,0
CUST100815,252121.3833810626,133744.27522465252,Business,792.2586197497471,35,38.42366978447686,0
CUST100816,286139.518826188,145062.66032073475,Car,627.8039945292484,52,26.52512076346322,0
CUST100817,235006.8595526911,69209.43185515236,Car,549.5360447057117,50,29.43116799905581,1
CUST100818,330483.9352764706,229950.91559891694,Car,664.7180954923289,48,33.98826607629127,0
CUST100819,895330.7140518462,210034.9726074614,Business,567.1282475831764,48,33.823321852319154,1
CUST100820,253110.4264526743,63770.61381824355,Other,525.3761042823182,42,36.54045457983907,0
CUST100821,270329.1623933647,126668.06454734257,Education,591.2187444207372,41,49.067031119018424,1
CUST100822,477284.6538280089,157038.0532916232,Home,610.5921764179197,44,13.315787194896059,0
CUST100823,326148.40330313146,97182.56529497192,Education,571.0200164359234,41,23.232938794797892,0
CUST100824,163160.37960222847,100537.81317539833,Other,756.1173425710848,52,15.083933732533298,0
CUST100825,349160.48480316607,216750.9366032527,Education,801.168800371158,47,16.981849810271164,0
CUST100826,341350.51807255123,259294.51495594933,Business,699.4470412965945,42,22.315230038899852,0
CUST100827,650441.7375378053,282400.2426228439,Car,680.7356393682448,38,58.08392423712745,1
CUST100828,202138.53559191703,32032.504178094077,Other,638.6361509831111,47,36.72219752801276,0
CUST100829,653038.7118981739,208275.66598896822,Other,578.293374870955,37,45.30113590249434,1
CUST100830,341567.8131782102,301947.4396912896,Education,778.2328184858908,47,69.2095649814346,0
CUST100831,186322.6258062856,107509.43329812595,Business,644.9717202327724,49,37.28085531927711,1
CUST100832,165170.4108177283,110299.09377710192,Education,612.99316223468,44,12.986605802938275,1
CUST100833,1156181.2617509514,122423.7139671434,Education,731.1805299202563,37,49.76044842983112,0
CUST100834,329078.09957370965,169331.93598523235,Other,644.1132648095669,45,22.16927054557693,1
CUST100835,635331.6786162502,82607.68385034092,Education,728.1835394473183,50,28.601034232161332,0
CUST100836,129979.0240861097,72188.29236699149,Car,617.2201034771565,43,8.51141653554848,0
CUST100837,1763157.745131998,1475087.1785352933,Education,731.4109540362939,40,17.610943052119026,0
CUST100838,619053.3757949842,541507.843116075,Car,728.3813773553092,44,56.697020276653795,0
CUST100839,310747.47116840456,165455.0486451794,Other,755.9862737592074,51,59.97939205513391,1
CUST100840,301432.2274446562,140637.3788028819,Business,,47,25.214923020034934,1
CUST100841,562844.6164774182,481802.68882926006,Car,643.3568450896807,35,24.602421736922683,0
CUST100842,543784.8830348087,347417.56326621684,Business,805.8216063148999,50,40.15761705618564,0
CUST100843,404140.3785463857,61396.77337467097,Business,630.2870336716438,35,24.23052685426351,0
CUST100844,364589.4682051783,172297.85937359175,Car,714.8820638425981,42,22.503240115373604,0
CUST100845,507189.6371528995,148198.7907094515,Other,833.2452014097537,43,26.550375247236268,0
CUST100846,127386.09454336947,413539.39656338206,Home,502.07670433060304,39,12.654327054617776,1
CUST100847,289883.724752412,134614.01768299483,Business,627.635548962274,41,41.94023628022079,0
CUST100848,134845.05870868158,76283.98596087436,Business,650.1496147113501,51,18.396548049156316,0
CUST100849,520609.44131180615,200651.4126569909,Other,506.0897072580883,33,12.482913799330005,1
CUST100850,241472.67951669317,55880.72842809689,Other,613.5223025615566,43,42.07414064797966,0
CUST100851,141075.87607214338,70957.71603068859,Education,572.2894978356748,39,26.309231320396197,1
CUST100852,224971.2928219578,171914.5822388233,Other,718.6148374680675,62,16.34426345543199,0
CUST100853,396175.95441384806,250070.1379991033,Business,511.38821158979215,45,23.296809236088123,1
CUST100854,320251.84166938305,118715.52994636973,Car,801.1458097584436,51,63.00804507794283,0
CUST100855,179172.81474453746,152013.5160712717,Home,,61,30.67161520385211,0
CUST100856,130232.79242158223,108062.75065967056,Education,565.6942735818369,45,23.421418267945747,0
CUST100857,378647.007796966,101280.01679079517,Car,732.1135563897582,45,48.887947256196256,1
CUST100858,255643.4900685264,33625.828231046886,Home,697.7583738814009,48,8.221089751086527,0
CUST100859,310255.5445318588,215021.66403364562,Home,646.8985900167461,42,24.274866634080823,0
CUST100860,329123.6804445509,250821.27619558305,Home,592.2834493939307,46,20.21686101067485,1
CUST100861,468850.58393307525,409912.1519248478,Car,693.8130625605987,36,55.337271707273416,0
CUST100862,602093.4236645396,488821.05518080556,Education,659.8336292598343,43,31.327688482122912,0
CUST100863,395499.7842094141,229559.0754096515,Education,594.8607590187852,46,17.1244623425247,1
CUST100864,298857.5956357931,156613.89369009127,Home,542.5395924723061,43,15.932025360482276,0
CUST100865,367639.5019898389,44952.32637582453,Car,581.9528783330293,46,14.299347529278633,1
CUST100866,,87862.54528725658,Home,609.736171549022,46,4.937848791746992,0
CUST100867,135194.26023681907,63229.2471072517,Other,742.998982735318,47,19.820210264367734,0
CUST100868,697437.1651224582,420417.2991863996,Education,718.8607159805792,41,29.428012252872698,0
CUST100869,622851.4445019687,339953.2319171907,Business,613.994597254874,63,20.07469325308919,1
CUST100870,1194215.9224384336,828915.7710068027,Home,617.1044832246085,40,11.273171144768526,0
CUST100871,1423030.8891323924,460796.6764412603,Other,729.308182364136,50,45.61262032999023,0
CUST100872,178865.23436944897,98726.82789725768,Education,671.3877399540211,35,57.23665857242929,0
CUST100873,296191.0747270978,50504.664111730715,Car,670.2731807899439,43,47.581544369583135,0
CUST100874,1634624.6402407882,704412.7501578525,Education,593.7299675604545,45,21.91424204497602,1
CUST100875,353510.9114167217,247503.1229551987,Car,640.1264914361484,43,17.867004782740246,0
CUST100876,419377.4134345685,274575.06645097275,Car,650.340933377527,43,28.3997028275165,1
CUST100877,145411.36852912453,129781.70976142796,Home,642.7046602421032,42,62.269747637039316,1
CUST100878,396397.66025911435,127764.07974456523,Home,708.725432948469,53,34.96649219899306,0
CUST100879,1154484.2031755107,575569.761187501,Education,711.2283071532839,56,23.637954647606367,0
CUST100880,783851.9843700818,285027.6534346414,Other,576.4833732240371,55,32.314756268088026,1
CUST100881,251201.1337969476,113664.1148245992,Education,609.9828387399298,47,22.891301915458772,0
CUST100882,285560.78141960496,224325.15712046807,Business,595.0101173423762,41,26.86218477684978,1
CUST100883,183773.59637990396,118969.00957651543,Car,761.0820612888172,41,29.472660677903935,0
CUST100884,217358.23325074886,175180.50996427197,Car,830.2792423812672,51,52.058572575742964,0
CUST100885,115136.40590323234,30258.87065009665,Home,612.9102899890471,53,58.48685565479843,1
CUST100886,344244.76007749204,274944.46678561805,Other,636.6323803554494,46,18.28312917633858,0
CUST100887,896332.2231134637,132486.70396944848,Home,717.3851864957865,49,15.263564059324866,0
CUST100888,448318.48124032764,363532.2319934985,Business,593.4231136616222,40,25.531691836974357,0
CUST100889,822203.6510147711,298672.89544214914,Education,719.1926662065981,43,33.85729627974033,0
CUST100890,689656.9924326143,242531.74813673255,Education,,36,56.33873835845158,1
CUST100891,260905.91600890819,132976.14294590117,Other,510.5008237640029,46,14.24112290604711,0
CUST100892,229646.3976010681,195785.53005555697,Home,545.9653135702645,51,13.601139668557638,0
CUST100893,234987.89141122907,32481.22284931045,Home,,33,3.6885555582355734,0
CUST100894,129283.48507118456,49358.46691285244,Business,747.8358843832676,42,42.96404636254629,0
CUST100895,369312.3861000963,290005.35461572756,Education,578.5972321288817,32,28.80649855018731,0
CUST100896,63406.48118249542,26430.58473485353,Home,607.2719518953628,55,31.83620543119457,0
CUST100897,516509.6782831722,133944.1399129058,Other,666.8899381426078,51,25.743408766047573,0
CUST100898,378181.13820858987,166337.43142109853,Education,516.4988035151193,39,12.753188948548713,1
CUST100899,480635.2377362767,196311.61834503943,Business,673.8842624846118,52,26.825127433849737,0
CUST100900,682972.4286770116,568460.4639605004,Other,526.5007931120718,46,50.989734950759704,1
CUST100901,408103.7674371924,289569.00816824986,Car,695.3747367569429,47,5.1153251227454986,0
CUST100902,964093.0006019302,485991.99749055353,Business,585.2977534210085,36,28.176739880920316,0
CUST100903,526058.3865321206,468558.339153522,Other,574.6360687828147,44,7.5661189223193865,0
CUST100904,229974.54133027123,108599.04361019623,Home,671.8237299625434,36,17.38105612070493,0
CUST100905,314070.69244061713,46039.7059256324,Car,713.5192407600853,46,14.300251067766231,0
CUST100906,93267.3504448339,28896.039912802862,Business,680.100788484575,44,20.52904622856985,0
CUST100907,210804.35097110094,94620.87874534092,Home,666.6114799880285,30,17.273962395693598,0
CUST100908,288197.75028857245,64994.96166348546,Car,667.7441767533785,48,55.09167377639786,0
CUST100909,502707.6994392748,431349.3977225239,Education,,47,29.160195446377074,0
CUST100910,,164749.47632306258,Home,685.8428956838803,59,50.19619046043419,0
CUST100911,171483.37320381243,53953.77261379065,Other,618.4575159946437,54,32.883647728560796,0
CUST100912,116713.89278560139,66835.46686436595,Business,702.3602359024592,48,10.75133985148869,0
CUST100913,253254.3221870351,171493.52603965747,Car,586.144781985504,37,39.301235956996756,0
CUST100914,1167658.5723234161,996039.7854606825,Home,737.31146108971,30,54.1922206444111,0
CUST100915,426200.0947406764,343222.4649502991,Education,712.5954919030786,57,86.55463796622048,1
CUST100916,636505.0604710454,325988.4732889575,Business,824.4720803667766,32,51.94567320328707,0
CUST100917,211074.71734200552,151915.13794304474,Business,691.1078761044456,53,54.19563721882474,1
CUST100918,,77464.59621479096,Home,722.7279749238072,42,30.826847196455166,0
CUST100919,174094.497794139,94387.61471249016,Education,525.1569369589917,36,7.642324145872781,1
CUST100920,341711.240885467,65538.01766084439,Car,725.3357393844578,51,45.303669148308636,0
CUST100921,109482.79514304835,21996.20221222985,Home,,52,16.134492281185437,0
CUST100922,198004.64126893473,570397.0004996867,Car,770.3777034710761,37,14.093358991515364,0
CUST100923,254787.10381217604,80280.67387855216,Business,659.63730818732,46,12.680811846467604,0
CUST100924,163970.99253277967,19156.65267428462,Car,622.6485299113592,51,5.459664009953381,0
CUST100925,1475600.8545952814,68705.3506240012,Education,562.8388179778703,38,11.773081828389033,1
CUST100926,430969.33537193656,54297.5151244389,Other,570.1571230506369,54,11.29165164321692,0
CUST100927,372325.1709629931,214541.7584038014,Education,647.9514660355427,50,20.622378460137387,0
CUST100928,578051.3130273896,307150.47583995026,Car,509.88496022369344,53,59.3576338092974,0
CUST100929,186045.12865592848,162799.11586743378,Home,588.5425113534961,40,11.39008261724066,1
CUST100930,571462.215733055,278513.832372235,Business,657.1617640608521,46,4.883837140543426,0
CUST100931,906714.1474030464,136806.07246742756,Other,655.3762762168169,50,42.39880198563515,0
CUST100932,423932.2099940619,229495.86053486716,Home,572.4484997303337,48,48.31296901831729,0
CUST100933,251208.41779170124,194153.19236407382,Home,551.2909351633091,44,23.31654862876798,1
CUST100934,395160.9343755516,354648.8091241581,Education,563.2390034891187,54,16.16881466194918,0
CUST100935,244098.6110851067,108446.79789847822,Car,632.3318272956104,49,21.062434293064747,0
CUST100936,220892.1528843665,78690.39832544528,Education,820.3837714466613,44,48.80714535451891,0
CUST100937,545771.8082181292,450437.8282653497,Car,734.8271268853817,41,51.45495102444231,0
CUST100938,333223.86425632716,84303.53943311468,Education,667.1355523107393,50,30.05136110285747,1
CUST100939,746430.202608312,442142.8040520641,Home,694.3112612274962,50,39.33364664452071,0
CUST100940,277769.30400470947,117932.94098400162,Business,731.2691899104113,46,53.86153505685427,0
CUST100941,295166.608832034,39217.5747605884,Car,704.0494920743192,39,17.35709337388239,0
CUST100942,257839.71286226428,97419.7796825104,Other,625.3432021258194,38,36.37559137637507,0
CUST100943,184959.0885788355,57741.04948764823,Other,582.3529434742769,37,48.85492579392473,0
CUST100944,590458.6809426886,383132.6503054036,Home,639.978066341957,46,40.502751507752436,0
CUST100945,1344357.818680505,1154846.9209575688,Education,730.3393333529536,37,30.551993877762058,0
CUST100946,287984.99494066346,90553.35381494318,Education,628.3687059644607,49,17.079001871243825,0
CUST100947,240795.29032992653,180397.27016169322,Home,561.625949668988,40,21.354136400935193,0
CUST100948,231609.00596304625,33418.36633342562,Other,512.1241605780542,43,27.200242835153006,0
CUST100949,240905.51061121453,127799.6044165324,Other,640.3175390657431,37,46.82827673209805,0
CUST100950,974685.5759300035,152479.86117618202,Education,567.9486205969727,51,14.34747820334777,0
CUST100951,235369.45043712648,199411.21049376388,Car,615.0787290898986,43,6.465145819295494,0
CUST100952,254954.38338869115,181803.13289378374,Business,766.4986023082657,40,24.810777848760747,0
CUST100953,172092.50804941074,107791.85111700938,Car,645.6920231002448,35,60.043362585602644,0
CUST100954,432003.6275588001,327941.3432314196,Other,589.9631380200977,49,34.553265698869055,0
CUST100955,347897.182567394,215005.96828511916,Car,240.0,42,27.985327074277727,0
CUST100956,183082.60703215378,160225.7537463097,Business,803.67637336642,41,5.859617907961882,0
CUST100957,211991.6660102749,142281.67446433142,Car,640.3443001274379,42,23.91512944388975,0
CUST100958,908690.6737307161,763051.9913028307,Car,461.5578957878423,50,41.66400162030921,1
CUST100959,369396.05003208446,189760.78760668696,Car,702.0061261220784,40,15.948327021628902,0
CUST100960,385004.86027008406,74556.78039715356,Car,920.0,52,61.67567520011974,0
CUST100961,,201660.87287982617,Home,657.209788439658,50,22.283383085489284,0
CUST100962,836327.2249829257,168518.4826740867,Other,632.4658193071226,70,19.051894304543683,1
CUST100963,193468.7699090831,111050.06466723794,Business,585.4182260092175,42,10.13960890653621,0
CUST100964,285547.2198419437,900604.3057901436,Other,771.1979379147085,52,26.177934526497438,0
CUST100965,327296.20841943927,195742.8745746587,Home,502.93525322327616,42,34.21518061995136,0
CUST100966,128964.76478419521,13933.041717241618,Home,625.2831135350608,53,14.487095184870928,0
CUST100967,209047.14716982452,53489.39386395834,Home,623.4127862731301,25,6.429944469422407,1
CUST100968,678747.7914449512,334666.33556853735,Home,,42,24.494479260087072,0
CUST100969,571561.9171384344,491773.50204088015,Car,748.8528516306995,45,17.142241613494562,0
CUST100970,635546.2377702089,258595.6496749098,Other,631.8612951978006,46,40.082614362385826,1
CUST100971,254370.17488325087,111795.08667458313,Education,665.4372681814949,48,29.017892114100917,0
CUST100972,273917.66730534594,184006.07515689285,Business,672.2389451581791,58,13.005358554542745,0
CUST100973,123891.4060191602,72232.92751740618,Home,734.2660991527667,45,12.187474393932177,0
CUST100974,633592.1471516144,214877.02373961642,Other,732.6184357890452,38,4.912347548783696,0
CUST100975,699409.2724606486,299803.9643170414,Home,606.9269164400855,43,29.076225688388913,1
CUST100976,694086.9917117772,190290.77795923813,Home,685.0321121149049,53,51.00690026345135,0
CUST100977,948327.0887798319,827716.16330662,Home,680.6601433978291,46,23.66084304132237,0
CUST100978,466617.50600531034,95426.78205720408,Home,640.7272042520104,40,10.565663620762725,0
CUST100979,921841.9821794828,366404.005043511,Home,,49,4.339811895764507,1
CUST100980,321166.5884101866,38755.55048575992,Business,651.615020950098,52,14.814719721605238,0
CUST100981,,34807.3572524728,Other,662.6312479291589,44,48.459386531598696,0
CUST100982,607091.5038318802,439763.0680604582,Home,541.519495063,42,15.309200997688091,1
CUST100983,122720.72500658446,32022.768788545905,Home,576.5630902345097,49,12.613182255147631,0
CUST100984,401162.2467004142,65810.956219641,Home,,45,51.66860135145923,0
CUST100985,642546.380872548,308141.1769693113,Home,,42,19.813542920063927,0
CUST100986,440011.11970024346,47510.37128049638,Car,687.6087367356555,57,32.75454972069552,0
CUST100987,1421105.7764555523,238479.9150081036,Car,643.4859215179639,41,39.759273105503205,1
CUST100988,111350.99445194913,83079.05442196086,Education,732.4523783463865,34,24.62531331586116,0
CUST100989,344649.6236991535,247175.36076974784,Home,701.9040433677349,44,39.05540545153588,0
CUST100990,366030.9893489868,304578.4331944738,Education,613.7376663634532,40,21.321225415285976,0
CUST100991,161706.51093716957,126715.21884018244,Business,632.140132170276,49,25.796150324995637,0
CUST100992,181273.15668292675,117200.4284019873,Education,491.1569748351932,50,20.266767432663215,1
CUST100993,218146.65250352462,30947.655359219858,Other,639.5681507845817,46,9.442235663006562,0
CUST100994,187252.19499312568,135997.3171515818,Car,250.0,46,32.48114370326789,1
CUST100995,339491.167656001,263583.87871602736,Car,632.5034913593155,31,43.686661092554836,0
CUST100996,252261.38220381134,186488.19148983769,Home,598.9665412835304,46,41.756626810789605,1
CUST100997,,222142.22434718724,Home,,52,50.348748415142985,1
CUST100998,534805.4311953493,153126.27771563552,Business,745.0179609696171,51,13.440713449776043,0
CUST100999,513531.8726403972,398636.2955956343,Business,547.9031282394357,43,43.72185445824387,1
